date,total_kwh,avg_power,max_power,min_power,readings_count,rolling_mean_7d,rolling_std_7d,pct_change_from_rolling,day_over_day_change,load_factor,day_of_week,is_weekend,zscore,flag_zscore,flag_isoforest,isoforest_score,flagged_by_both
2006-12-16,20.152933333333333,3.0534747474747475,7.706,0.284,396,,0.0,0.0,0.0,0.39624639858224076,5,1,0,False,False,0.003677204013305624,False
2006-12-17,56.507666666666665,2.354486111111111,7.064,0.206,1440,20.152933333333333,0.0,1.8039425195339633,36.35473333333333,0.33330777337360007,6,1,0,True,True,-0.13298302117624294,True
2006-12-18,36.73043333333334,1.5304347222222223,6.158,0.202,1440,38.3303,25.70667846822862,-0.041738954995569136,-19.777233333333328,0.24852788603803544,0,0,-0.062235448607021314,False,False,0.09640276656632357,False
2006-12-19,27.7699,1.1570791666666669,7.84,0.194,1440,37.79701111111111,18.200820037885148,-0.26528846637197356,-8.960533333333338,0.14758662840136058,1,0,-0.5509153483326357,False,False,0.1495780474962674,False
2006-12-20,37.0958,1.5456583333333334,5.988,0.202,1440,35.29023333333333,15.68382306740387,0.05116335303346432,9.325899999999997,0.2581259741705633,2,0,0.11512286633857939,False,False,0.14230181920632423,False
2006-12-21,28.6104,1.193757997218359,5.854,0.194,1438,35.65134666666667,13.606569872851049,-0.19749454999549348,-8.485399999999998,0.20392176242199503,3,0,-0.5174666894347376,False,False,0.18170135653298763,False
2006-12-22,39.0223,1.6259291666666669,7.884,0.202,1440,34.47785555555556,12.504938356144065,0.1318076304694124,10.411900000000003,0.20623150262134282,4,0,0.36341198293165655,False,False,0.13672628406733733,False
2006-12-23,79.55643333333333,3.314851388888889,8.698,0.208,1440,35.1270619047619,11.543895281175734,1.2648188894656311,40.53413333333333,0.38110501136915254,5,1,3.8487330616227093,True,True,-0.17562263544996815,True
2006-12-24,42.50020000000001,1.7708416666666669,6.824,0.196,1440,43.61327619047619,18.462587387829135,-0.02552149913285458,-37.056233333333324,0.25950200273544355,6,1,-0.06028820159897767,False,True,-0.048098467049400906,False
2006-12-25,45.71866666666666,1.9049444444444443,6.702,0.198,1440,41.61220952380952,17.569607074631215,0.09868394852975834,3.21846666666665,0.28423522000066315,0,0,0.23372504151139833,False,False,0.09036351513251445,False
2006-12-26,65.5685,2.7320208333333333,6.496,0.418,1440,42.89624285714285,17.481593257032912,0.5285371312905528,19.849833333333343,0.4205697095648604,1,0,1.2969216712404639,False,True,-0.11640979180497146,False
2006-12-27,25.479333333333336,1.0616388888888888,5.56,0.21,1440,48.296042857142844,17.86410148998092,-0.47243434811626567,-40.089166666666664,0.19094224620303757,2,0,-1.2772380148313787,False,False,0.031198976184909855,False
2006-12-28,34.54396666666666,1.4393319444444443,9.132,0.218,1440,46.63654761904762,19.539003960387056,-0.2592940852131606,9.064633333333326,0.15761409816518226,3,0,-0.6188944419529873,False,False,0.11092093482370557,False
2006-12-29,52.90653333333333,2.204438888888889,7.238,0.216,1440,47.484199999999994,18.73897439730795,0.1141923699532336,18.362566666666666,0.3045646433944306,4,0,0.28936126483594055,False,True,-0.005249859280132663,False
2006-12-30,46.48836666666666,1.939709318497914,9.078,0.204,1438,49.4676619047619,18.426222564830727,-0.06022712866096557,-6.4181666666666715,0.21367143847740847,5,1,-0.1616877918202118,False,False,0.052285656472064956,False
2006-12-31,58.2366,2.426525,6.722,0.206,1440,44.743652380952376,12.809386143369517,0.3015611578636269,11.748233333333346,0.3609825944659327,6,1,1.0533641087892365,False,True,-0.051956346149041766,False
2007-01-01,45.81673333333333,1.909030555555556,3.558,0.204,1440,46.99170952380952,13.69995420102799,-0.02500390393077434,-12.419866666666671,0.5365459683967274,0,0,-0.08576497214771865,False,True,-0.046904423317254196,False
2007-01-02,21.15393333333333,0.8814138888888889,3.688,0.358,1440,47.005719047619046,13.698485486398054,-0.5499710724156058,-24.6628,0.2389950891781152,1,0,-1.887200285020947,False,False,0.05110675115227914,False
2007-01-03,16.9009,0.7042041666666666,5.19,0.23,1440,40.660780952380954,13.95123255983017,-0.5843439401768219,-4.253033333333331,0.1356848105330764,2,0,-1.7030667971798317,False,False,0.09521590862652884,False
2007-01-04,54.32353333333333,2.2634805555555557,5.976,0.26,1440,39.43529047619047,15.765807635204244,0.3775360261675217,37.42263333333333,0.3787618064852001,3,0,0.9443374676155617,False,True,-0.12160866483902222,False
2007-01-05,45.22273333333333,1.8842805555555555,5.73,0.222,1440,42.26094285714286,16.498528669042805,0.07008339795452237,-9.1008,0.3288447740934652,4,0,0.17951846104603622,False,False,0.020790224211528985,False
2007-01-06,25.139633333333336,1.047484722222222,8.044,0.234,1440,41.16325714285714,15.917589318141273,-0.3892700656294957,-20.083099999999995,0.13021938366760594,5,1,-1.0066614667122793,False,False,0.014810682442814804,False
2007-01-07,40.79366666666667,1.6997361111111111,7.774,0.24,1440,38.113438095238095,16.75066094811417,0.07032240347174139,15.65403333333333,0.21864369836777864,6,1,0.16000733223188535,False,False,0.0762708393207091,False
2007-01-08,37.356,1.5565,4.97,0.216,1440,35.62159047619047,14.389143485315765,0.048689839522152,-3.437666666666665,0.3131790744466801,0,0,0.12053598086498413,False,False,0.10930195395341619,False
2007-01-09,31.1509,1.2979541666666667,8.67,0.202,1440,34.41291428571429,13.730292865478098,-0.09479041090886148,-6.205100000000002,0.1497063629373318,1,0,-0.2375779102218517,False,False,0.15366935335233123,False
2007-01-10,35.91333333333333,1.496388888888889,6.836,0.212,1440,35.84105238095238,12.59423654826487,0.002016708427327422,4.762433333333327,0.2188983161042845,2,0,0.0057392087328158444,False,False,0.16857870193927676,False
2007-01-11,37.58656666666667,1.5661069444444444,7.754,0.21,1440,38.557114285714285,9.498470682437892,-0.025171687171807105,1.673233333333343,0.201974070730519,3,0,-0.10217935618226412,False,False,0.16991297570171238,False
2007-01-12,24.35493333333333,1.014788888888889,6.478,0.206,1440,36.16611904761904,6.502174730123611,-0.3265815084757701,-13.231633333333338,0.15665157284484238,4,0,-1.816497741834934,False,False,0.15279118577699713,False
2007-01-13,53.11356666666667,2.213065277777777,9.272,0.212,1440,33.185004761904764,6.441301709696863,0.6005291259635197,28.75863333333334,0.23868262271114937,5,1,3.0938718294721474,True,True,-0.057135757652598596,True
2007-01-14,50.13026666666666,2.0902126476719944,7.64,0.202,1439,37.18128095238095,8.846564500097847,0.34826626147899026,-2.983300000000014,0.2735880428890045,6,1,1.4637304361645116,False,False,0.021237334182817702,False
2007-01-15,35.8113,1.4921375,5.896,0.208,1440,38.515080952380956,10.097392106598189,-0.07020057820270031,-14.318966666666654,0.2530762381275441,0,0,-0.2677702246121703,False,False,0.12309663483373995,False
2007-01-16,28.10673333333333,1.1711138888888888,5.57,0.212,1440,38.29440952380953,10.143717725394701,-0.26603559937755444,-7.704566666666672,0.21025384001595848,1,0,-1.0043335654906331,False,False,0.1723355034612164,False
2007-01-17,47.46146666666667,1.977561111111111,8.0,0.206,1440,37.85952857142858,10.557818773314809,0.2536201177762255,19.354733333333336,0.2471951388888889,2,0,0.9094622953282041,False,False,0.028599906445320178,False
2007-01-18,30.3577,1.2649041666666667,6.808,0.212,1440,39.50926190476191,11.091764379358032,-0.23163079904711917,-17.103766666666665,0.18579673423423423,3,0,-0.82507720068352,False,False,0.1167465996556894,False
2007-01-19,24.674,1.0280833333333337,6.132,0.198,1440,38.47656666666666,11.624346106468218,-0.35872656690609084,-5.683700000000002,0.16765873015873023,4,0,-1.1873843517947562,False,False,0.17725034381696264,False
2007-01-20,52.22886666666667,2.1762027777777777,8.658,0.218,1440,38.52214761904762,11.560192541951194,0.3558139899978379,27.55486666666667,0.25135167218500554,5,1,1.1856825911746924,False,True,-0.026921650375428485,False
2007-01-21,56.7877,2.366154166666667,8.018,0.206,1440,38.395761904761905,11.377471404985807,0.4790095881117832,4.558833333333332,0.29510528394445834,6,1,1.616522462730904,False,True,-0.012379534315644758,False
2007-01-22,36.341566666666665,1.5142319444444443,7.722,0.212,1440,39.34682380952381,12.720811603383764,-0.07637864640372144,-20.446133333333336,0.19609323289878844,0,0,-0.23624728017021665,False,False,0.09692391337250728,False
2007-01-23,29.627333333333333,1.2344722222222222,6.036,0.202,1440,39.42257619047619,12.697806634855896,-0.2484678527809966,-6.714233333333333,0.20451826080553714,1,0,-0.7714121925793543,False,False,0.16696734972839594,False
2007-01-24,49.79756666666667,2.074898611111111,7.248,0.212,1440,39.63980476190476,12.483148142691446,0.25625156243261493,20.170233333333336,0.2862718834314447,2,0,0.8137179651039395,False,True,-0.0005497090932659043,False
2007-01-25,26.605733333333333,1.1085722222222223,5.832,0.206,1440,39.97353333333333,12.755365106234054,-0.33441627210003944,-23.191833333333335,0.19008440024386528,3,0,-1.04801390541668,False,False,0.11321137200637388,False
2007-01-26,26.9662,1.1235916666666663,5.024,0.208,1440,39.4375380952381,13.294226966611797,-0.31623013751824314,0.3604666666666674,0.22364483811040334,4,0,-0.9381017885853483,False,False,0.1781649294632916,False
2007-01-27,34.06786666666667,1.4194944444444444,6.204,0.214,1440,39.76499523809524,12.892119320034645,-0.1432699422523926,7.101666666666667,0.22880310194139983,5,1,-0.44190783764893526,False,False,0.11278025889808613,False
2007-01-28,51.5034,2.147466296038916,7.552,0.224,1439,37.170566666666666,11.741892302476755,0.3855963096249093,17.435533333333332,0.2843572955560006,6,1,1.2206578772920667,False,False,0.0005691584093011626,False
2007-01-29,33.0444,1.37685,4.908,0.222,1440,36.41566666666667,10.358903434011973,-0.09257737054564419,-18.458999999999996,0.28053178484107577,0,0,-0.3254462876444618,False,False,0.09234774769884596,False
2007-01-30,28.4633,1.1859708333333334,6.166,0.228,1440,35.94464285714286,10.437497994051062,-0.20813512842168022,-4.581100000000003,0.1923403881500703,1,0,-0.7167755013133331,False,False,0.18393607868479211,False
2007-01-31,39.39586666666666,1.6414944444444444,6.59,0.226,1440,35.778352380952384,10.56343307455903,0.10110902389234012,10.932566666666663,0.24908868656213118,2,0,0.3424563075451956,False,False,0.1317360859334919,False
2007-02-01,30.412666666666667,1.2671944444444443,7.482,0.222,1440,34.29239523809524,8.856337372467998,-0.1131367040561402,-8.983199999999997,0.16936573702812674,3,0,-0.4380737101874211,False,False,0.16263360720212844,False
2007-02-02,27.7956,1.15815,5.448,0.22,1440,34.83624285714286,8.41135542833293,-0.20210683700923954,-2.617066666666666,0.21258259911894273,4,0,-0.8370402270039682,False,False,0.1937701360199373,False
2007-02-03,67.16203333333334,2.798418055555556,7.904,0.236,1440,34.95472857142857,8.286939584547262,0.921400510837624,39.36643333333334,0.3540508673526766,5,1,3.8865137646184906,True,True,-0.1421573081601316,True
2007-02-04,59.93233333333333,2.4971805555555555,7.698,0.22,1440,39.68246666666666,14.67482884383753,0.5102975789475453,-7.229700000000008,0.32439342109061514,6,1,1.3799047935860793,False,True,-0.07009309853948975,False
2007-02-05,27.421333333333337,1.1425555555555555,5.816,0.222,1440,40.886599999999994,16.0845509994897,-0.3293320223903836,-32.510999999999996,0.196450405012991,0,0,-0.8371552719807881,False,False,0.06574913164151264,False
2007-02-06,21.224666666666668,0.8843611111111112,4.816,0.214,1440,40.083304761904756,16.671197757503457,-0.4704861090486075,-6.196666666666669,0.18362979881875233,1,0,-1.131210748594839,False,False,0.14655116238971738,False
2007-02-07,38.8003,1.616679166666667,6.694,0.218,1440,39.049214285714285,17.704572509046784,-0.006374373729853706,17.575633333333332,0.24151167712379248,2,0,-0.014059321996455636,False,False,0.08089756884360261,False
2007-02-08,30.023566666666667,1.2509819444444443,5.58,0.216,1440,38.964133333333336,17.704060011937834,-0.22945632051356638,-8.776733333333333,0.22419031262445238,3,0,-0.5050009241178607,False,False,0.15637743244307117,False
2007-02-09,27.0033,1.1251375,6.146,0.218,1440,38.908547619047624,17.735966129151,-0.30598026263050304,-3.020266666666668,0.18306825577611452,4,0,-0.6712488923555199,False,False,0.1768093555598238,False
2007-02-10,47.15546666666666,1.964811111111111,6.88,0.254,1440,38.79536190476191,17.821029741348017,0.21549237721838588,20.152166666666663,0.2855830103359173,5,1,0.46911457324532674,False,True,-0.0033217125051232532,False
2007-02-11,59.52046666666666,2.4800194444444443,7.426,0.252,1440,35.93728095238095,13.623371601975132,0.6562317762864374,12.364999999999995,0.33396437442020527,6,1,1.73108290688236,False,True,-0.06007840520406682,False
2007-02-12,31.2935,1.3038958333333333,6.514,0.222,1440,35.87844285714286,13.50282315574967,-0.12779102134946926,-28.226966666666655,0.20016822740763482,0,0,-0.3395543883125308,False,False,0.08506007229822221,False
2007-02-13,23.575766666666667,0.9823236111111112,4.972,0.214,1440,36.43160952380952,13.173929083803325,-0.35287606079388406,-7.717733333333335,0.19757112049700545,1,0,-0.975854870279244,False,False,0.1791696955656477,False
2007-02-14,41.64453333333333,1.735188888888889,6.008,0.212,1440,36.76748095238095,12.744582916033405,0.1326458124033258,18.06876666666666,0.28881306406273116,2,0,0.38267649973988327,False,False,0.06133851183066541,False
2007-02-15,33.0891,1.3787125,7.234,0.246,1440,37.17379999999999,12.864965233071867,-0.10988115285496752,-8.555433333333326,0.19058784904617085,3,0,-0.31750571618331963,False,False,0.1649264611352269,False
2007-02-16,28.375466666666668,1.182311111111111,6.316,0.252,1440,37.61173333333333,12.631049183306622,-0.24556875868523295,-4.713633333333334,0.18719301949194286,4,0,-0.7312351121926949,False,False,0.1722865544909184,False
2007-02-17,34.615199999999994,1.4423,7.33,0.214,1440,37.80775714285714,12.448301140044263,-0.08444185490279217,6.2397333333333265,0.19676671214188265,5,1,-0.25646528847114597,False,False,0.11783806985486123,False
2007-02-18,63.82936666666667,2.6595569444444447,7.16,0.226,1440,36.01629047619047,11.762287799600665,0.7722360027294531,29.214166666666678,0.3714465006207325,6,1,2.3645974885447427,False,True,-0.13748639958248066,False
2007-02-19,36.44356666666667,1.5184819444444444,7.682,0.218,1440,36.63184761904762,13.219789586671675,-0.005139815887502453,-27.385800000000003,0.19766752726431194,0,0,-0.014242356215016965,False,False,0.059377498987291055,False
2007-02-20,52.49879999999999,2.18745,8.374,0.25,1440,37.367571428571424,13.014898437580255,0.4049294078517277,16.05523333333332,0.26121925005970864,1,0,1.1626082711285284,False,False,0.023866342242969463,False
2007-02-21,34.5479,1.4394958333333332,8.974,0.21,1440,41.499433333333336,12.48705801976145,-0.16750911458228757,-17.95089999999999,0.1604073805809375,2,0,-0.5566990497146851,False,False,0.09621953287340346,False
2007-02-22,56.15796666666667,2.3431696801112656,9.41,0.252,1438,40.48562857142856,12.758447325471279,0.38710867654154085,21.61006666666667,0.24900846759949688,3,0,1.22838913665846,False,True,-0.014592710911992657,False
2007-02-23,21.89133333333333,0.9121388888888888,5.468,0.206,1440,43.78118095238096,13.487999338518401,-0.49998303250102694,-34.26663333333334,0.16681398845809964,4,0,-1.6229128627353666,False,False,0.035048178935566,False
2007-02-24,11.915366666666667,0.4964736111111111,2.464,0.204,1440,42.85487619047619,14.873801741562291,-0.7219600725549484,-9.975966666666661,0.2014909136002886,5,1,-2.0801345924461505,False,False,0.01662315788076807,False
2007-02-25,8.362333333333332,0.3484305555555556,1.536,0.21,1440,39.61204285714285,18.89942273871244,-0.7888941662642518,-3.5530333333333353,0.22684280960648148,6,1,-1.653474286270104,False,True,-0.0070305370224164054,False
2007-02-26,9.474733333333331,0.3947805555555556,1.558,0.21,1440,31.68818095238095,18.680121071905774,-0.7010010341845947,1.1123999999999992,0.2533893167879047,0,0,-1.1891490174791128,False,False,0.051796233417081394,False
2007-02-27,8.635200000000001,0.3597999999999999,1.47,0.21,1440,27.835490476190472,20.25093633251554,-0.6897773363330437,-0.8395333333333301,0.2447619047619047,1,0,-0.9481186529317107,False,False,0.050033483800655976,False
2007-02-28,8.679566666666666,0.3616486111111111,1.486,0.21,1440,21.569261904761902,18.009791356364698,-0.5975955642343768,0.04436666666666511,0.24337053237625242,2,0,-0.7157048620410581,False,False,0.06583407956355092,False
2007-03-01,8.626066666666667,0.3594194444444444,1.472,0.208,1440,17.873785714285713,17.550968134749272,-0.517390059131556,-0.05349999999999966,0.24417081823671496,3,0,-0.5269064918025479,False,False,0.07486194812936503,False
2007-03-02,8.5948,0.3581166666666666,1.468,0.208,1440,11.083514285714283,4.92114804822411,-0.2245419838473098,-0.03126666666666722,0.24394868301544045,4,0,-0.5057182310563455,False,False,0.11566256196961305,False
2007-03-03,13.652033333333334,0.5688347222222222,4.242,0.206,1440,9.184009523809523,1.2539342434639646,0.4865003458391968,5.057233333333334,0.13409587982607785,5,1,3.5632042372341606,True,False,0.018334925213600584,False
2007-03-04,34.845,1.4518749999999998,10.67,0.208,1440,9.432104761904762,1.8932411675952892,2.6942973895641127,21.192966666666663,0.13607075913776942,6,1,13.422957240240857,True,True,-0.098721279534422,True
2007-03-05,44.33886666666667,1.8474527777777776,9.486,0.208,1440,13.215342857142858,9.712421366376285,2.355105285270872,9.49386666666667,0.1947557218825403,0,0,3.204507160003503,True,True,-0.05028846413395871,True
2007-03-06,20.775,0.865625,6.508,0.202,1440,18.195933333333333,14.983459641996355,0.14173863024338768,-23.56386666666667,0.13300937307928704,1,0,0.17212758123216984,False,False,0.05550698909656426,False
2007-03-07,39.58676666666667,1.6494486111111113,5.98,0.204,1440,19.93019047619048,14.38294594996185,0.9862713662450361,18.81176666666667,0.2758275269416574,2,0,1.3666585593008036,False,True,-0.025290719850241894,False
2007-03-08,26.2022,1.0917583333333334,6.354,0.224,1440,24.345504761904767,15.080640210406003,0.07626439690831732,-13.384566666666668,0.17182221173014375,3,0,0.1231177995224679,False,False,0.15031293906808613,False
2007-03-09,21.2102,0.8837583333333334,5.444,0.22,1440,26.856380952380956,13.396326258867438,-0.21023610598882247,-4.992000000000001,0.16233621111927507,4,0,-0.4214723382571827,False,False,0.1865194667489748,False
2007-03-10,41.41186666666667,1.7254944444444444,6.35,0.22,1440,28.658580952380955,11.198421689318497,0.44500757854956424,20.201666666666668,0.2717314085739283,5,1,1.1388467114477665,False,False,0.031516043379032466,False
2007-03-11,58.0106,2.417108333333333,7.142,0.228,1440,32.624271428571426,9.830147577627534,0.7781423909192937,16.59873333333333,0.3384357789601418,6,1,2.5824971976214686,True,True,-0.07903744940104596,True
2007-03-12,32.51113333333333,1.3546305555555556,6.078,0.216,1440,35.93364285714286,13.800128481107679,-0.09524527021699389,-25.499466666666663,0.22287439216116411,0,0,-0.24800562751969488,False,False,0.09168039136192124,False
2007-03-13,21.5024,0.8959333333333334,5.77,0.212,1440,34.243966666666665,13.315041753109037,-0.3720820893996898,-11.008733333333332,0.15527440785673022,1,0,-0.9569302825273929,False,False,0.15487421598946516,False
2007-03-14,29.8894,1.245391666666667,6.114,0.224,1440,34.347880952380955,13.194701538396178,-0.12980366848720837,8.386999999999997,0.20369507142078294,2,0,-0.3378993408382079,False,False,0.1737310536590917,False
2007-03-15,31.413566666666668,1.3088986111111112,4.574,0.21,1440,32.96254285714286,13.061386408881576,-0.046992011423066894,1.5241666666666696,0.2861606058397707,3,0,-0.11859201940637061,False,False,0.1633800264047362,False
2007-03-16,28.36756666666667,1.1819819444444446,5.342,0.222,1440,33.70702380952381,12.756803531227504,-0.15840784914829817,-3.0459999999999994,0.2212620637297725,4,0,-0.4185576057345896,False,False,0.19317584711199282,False
2007-03-17,33.801500000000004,1.4083958333333333,5.642,0.206,1440,34.729504761904764,11.8422769782271,-0.02672093277076325,5.433933333333336,0.2496270530544724,5,1,-0.0783637102569856,False,False,0.11699852542494193,False
2007-03-18,39.51743333333333,1.646559722222222,7.994,0.226,1440,33.64230952380952,11.470036486326967,0.17463497282687537,5.715933333333325,0.20597444611236201,6,1,0.5122149189784477,False,False,0.11722675924997278,False
2007-03-19,35.8753,1.4948041666666667,7.452,0.214,1440,31.000428571428568,5.49571312123362,0.15725174306346018,-3.6421333333333266,0.200591004651995,0,0,0.8870316410324517,False,False,0.15663459989280137,False
2007-03-20,34.770466666666664,1.4487694444444446,6.55,0.216,1440,31.481023809523812,5.789106384015555,0.10448970392594766,-1.1048333333333389,0.22118617472434268,1,0,0.5682125424789937,False,False,0.17547142273498478,False
2007-03-21,35.70153333333333,1.487563888888889,5.88,0.218,1440,33.376461904761904,3.8118503494792817,0.06966201016770153,0.9310666666666663,0.25298705593348453,2,0,0.6099587379890303,False,False,0.16818440814512814,False
2007-03-22,24.249633333333332,1.010401388888889,5.744,0.202,1440,34.20676666666667,3.549688553422148,-0.29108665634382286,-11.451899999999998,0.17590553427731354,3,0,-2.8050723840923912,True,False,0.1707641203441953,False
2007-03-23,21.8168,0.9090333333333334,4.314,0.204,1440,33.183347619047616,5.157721801763978,-0.34253770142597334,-2.432833333333331,0.2107170452789368,4,0,-2.2037923051918336,False,False,0.17780031681387748,False
2007-03-24,49.47383333333333,2.0614097222222223,7.186,0.2,1440,32.247523809523805,6.5763320613115965,0.5341901482284356,27.65703333333333,0.28686469833317874,5,1,2.619440345044541,True,True,-0.0383823342162003,True
2007-03-25,55.60206666666667,2.318362751911049,7.918,0.242,1439,34.48642857142857,9.298126122712166,0.612288339788599,6.128233333333341,0.2927965081979097,6,1,2.270956299856997,False,True,-0.02262133307310732,False
2007-03-26,23.60136666666667,0.983390277777778,5.804,0.218,1440,36.78423333333334,12.263296950325058,-0.35838361906867705,-32.0007,0.16943319741174673,0,0,-1.0749855214357535,False,False,0.07134758723778367,False
2007-03-27,18.419,0.7674583333333334,5.938,0.212,1440,35.030814285714285,13.252491450050092,-0.47420577067455305,-5.18236666666667,0.12924525653980018,1,0,-1.253486134914767,False,False,0.10930002705052355,False
2007-03-28,38.898300000000006,1.6207625,6.714,0.218,1440,32.69489047619047,14.671173495866652,0.18973636043610748,20.479300000000006,0.24140043193327376,2,0,0.422829811504665,False,False,0.058999587878948545,False
2007-03-29,26.506766666666667,1.1044486111111111,6.49,0.212,1440,33.15157142857144,14.829264291026771,-0.2004370977171234,-12.391533333333339,0.17017698168121898,3,0,-0.448087284136244,False,False,0.16575231976390242,False
2007-03-30,23.37323333333333,0.9738847222222222,5.098,0.214,1440,33.47401904761905,14.626594486766818,-0.30175001394116047,-3.133533333333336,0.19103270345669326,4,0,-0.6905767247067831,False,False,0.18923958540234803,False
2007-03-31,58.49183333333333,2.4371597222222223,7.098,0.308,1440,33.69636666666667,14.430365233064258,0.7358498591836309,35.1186,0.3433586534548073,5,1,1.7182840673951116,False,True,-0.11355518620027005,False
2007-04-01,46.43253333333334,1.934688888888889,8.16,0.222,1440,34.98465238095238,16.34870839335812,0.3272258025526024,-12.059299999999993,0.2370942265795207,6,1,0.700231521471862,False,False,0.01961228036273055,False
2007-04-02,32.679633333333335,1.3616513888888888,6.338,0.206,1440,33.67471904761905,14.706270351412558,-0.029549933672158475,-13.752900000000004,0.21483928508818062,0,0,-0.06766404333034277,False,False,0.15534290909721293,False
2007-04-03,27.380333333333333,1.140847222222222,7.928,0.21,1440,34.97161428571429,14.055784885417546,-0.21706978952589992,-5.299300000000002,0.14390101188474042,1,0,-0.5400823229912035,False,False,0.16202850183726086,False
2007-04-04,34.1978,1.4249083333333332,6.266,0.212,1440,36.251804761904765,12.633004562717463,-0.056659379454211796,6.817466666666668,0.2274031811894882,2,0,-0.16259036017184267,False,False,0.1695743095293658,False
2007-04-05,30.73463333333333,1.280609722222222,8.102,0.21,1440,35.58030476190476,12.5937513504152,-0.13618971116176642,-3.4631666666666696,0.1580609383142708,3,0,-0.3847679133677414,False,False,0.16935281679619935,False
2007-04-06,26.685666666666663,1.111902777777778,5.812,0.224,1440,36.184285714285714,12.180676811714061,-0.26250674457473,-4.048966666666669,0.19131155846142084,4,0,-0.7798104485035104,False,False,0.18298819389025628,False
2007-04-07,25.89873333333333,1.079113888888889,5.44,0.216,1440,36.65749047619047,11.65294359826472,-0.2934940991076598,-0.7869333333333337,0.19836652369281044,5,1,-0.9232651863567984,False,False,0.12071453536873472,False
2007-04-08,26.8136,1.1172333333333333,3.598,0.208,1440,32.001333333333335,7.0946023955879,-0.16210991208699638,0.914866666666672,0.31051510098202706,6,1,-0.7312225610500119,False,False,0.05227211003998278,False
2007-04-09,16.682,0.6950833333333333,3.766,0.21,1440,29.19862857142857,3.3082539385059726,-0.4286717967184369,-10.131600000000002,0.18456806514427332,0,0,-3.783454596922858,True,False,0.13779779768109102,False
2007-04-10,12.956066666666668,0.5398361111111112,3.076,0.212,1440,26.91325238095238,5.379827305911282,-0.5185989978737683,-3.72593333333333,0.17549938592688918,1,0,-2.5943557145319036,True,False,0.11439226208030273,False
2007-04-11,14.791366666666669,0.6163069444444444,2.906,0.212,1440,24.852642857142857,7.511295252576329,-0.4048372741808622,1.8353000000000002,0.21208084805383498,2,0,-1.3394861807655918,False,False,0.13550594302454333,False
2007-04-12,8.961766666666668,0.3734069444444444,1.542,0.21,1440,22.080295238095236,7.054706177896784,-0.594128313501674,-5.829600000000001,0.24215755152039195,3,0,-1.8595428697697498,False,False,0.052472444748424385,False
2007-04-13,9.1837,0.3826541666666667,1.466,0.21,1440,18.969885714285713,7.394693679826474,-0.5158800565106199,0.22193333333333243,0.2610192132787631,4,0,-1.323406504448384,False,False,0.06629310841987512,False
2007-04-14,9.2378,0.3849083333333333,1.526,0.212,1440,16.469604761904762,7.309415035353212,-0.4391000795982903,0.05410000000000004,0.2522335080821319,5,1,-0.9893821498610935,False,False,0.020546041740429066,False
2007-04-15,12.102733333333331,0.5042805555555555,3.906,0.122,1440,14.089471428571429,6.380968848340513,-0.14100870322283895,2.8649333333333313,0.12910408488365477,6,1,-0.31135367409837533,False,False,0.04965388905591572,False
2007-04-16,15.873166666666668,0.6613819444444444,6.026,0.124,1440,11.987919047619048,3.039424401334657,0.3240969182069409,3.7704333333333366,0.10975472028616735,0,0,1.2782840123746948,False,False,0.0682928012889773,False
2007-04-17,20.395566666666667,0.8498152777777778,6.41,0.14,1440,11.87237142857143,2.8400674421718626,0.7179016668551794,4.522399999999999,0.13257648639278904,1,0,3.0010538170802596,True,False,0.06539486028761587,False
2007-04-18,16.637433333333334,0.6932263888888889,6.054,0.122,1440,12.935157142857141,4.319717695882033,0.2862181069458911,-3.7581333333333333,0.11450716697867341,2,0,0.8570643850188533,False,False,0.10434293466089328,False
2007-04-19,17.1443,0.7143458333333332,5.798,0.128,1440,13.198880952380952,4.504335861016134,0.2989207237987349,0.5068666666666672,0.12320555938829479,3,0,0.8759158218563661,False,False,0.1212286492198455,False
2007-04-20,13.709666666666667,0.5712361111111112,5.814,0.118,1440,14.367814285714287,4.277511101089871,-0.04580708004431869,-3.434633333333334,0.09825182509651034,4,0,-0.15386228194239632,False,False,0.08750764103842323,False
2007-04-21,27.894266666666667,1.162261111111111,7.336,0.112,1440,15.014380952380952,3.6609285138172836,0.857836613786148,14.1846,0.15843253968253965,5,1,3.518201916719685,True,True,-0.0011905628033753723,True
2007-04-22,37.228566666666666,1.5511902777777775,6.958,0.138,1440,17.679590476190477,5.21557860920369,1.1057369352985442,9.334299999999999,0.2229362284820031,6,1,3.7481893487290203,True,False,0.026777966946334053,False
2007-04-23,17.5761,0.7323375,4.676,0.104,1440,21.26899523809524,8.407218228633207,-0.17362810028189932,-19.652466666666665,0.15661623182207013,0,0,-0.4392529297643327,False,False,0.12070361631969384,False
2007-04-24,17.201666666666668,0.716736111111111,5.638,0.108,1440,21.51227142857143,8.2481930970416,-0.2003788756671995,-0.3744333333333323,0.12712595088881004,1,0,-0.5226120086168762,False,False,0.15966153728662869,False
2007-04-25,21.069366666666667,0.8778902777777778,4.602,0.106,1440,21.056000000000004,8.40707177290731,0.0006348150962510804,3.8676999999999992,0.19076277222463664,2,0,0.0015899313135089757,False,False,0.1880711892977685,False
2007-04-26,21.257766666666665,0.8857402777777778,5.394,0.106,1440,21.689133333333334,8.182741770788533,-0.019888607812821892,0.1883999999999979,0.1642084311786759,3,0,-0.052716641774838785,False,False,0.18856223647218207,False
2007-04-27,18.238866666666667,0.7599527777777778,4.658,0.104,1440,22.276771428571433,7.946245599662698,-0.18126077088199083,-3.0188999999999986,0.16315001669767662,4,0,-0.5081525245175114,False,False,0.1850070640748459,False
2007-04-28,0.3789666666666665,1.0827619047619048,1.478,0.488,21,22.923800000000004,7.289670589722606,-0.9834684185577144,-17.8599,0.7325858624911399,5,1,-3.0927094792346765,True,True,-0.1615206081095123,True
2007-04-30,7.0137,0.73059375,3.966,0.138,576,18.993042857142857,10.756732720878246,-0.6307226781535795,6.634733333333333,0.184214258698941,0,0,-1.1136599902581563,False,False,0.03744664806518927,False
2007-05-01,27.730966666666664,1.1554569444444445,6.096,0.126,1440,14.676633333333333,7.903526442999048,0.8894637507693633,20.717266666666664,0.18954346201516478,1,0,1.6517099585207147,False,True,-0.006893161846204476,False
2007-05-02,16.724766666666667,0.6968652777777777,5.76,0.122,1440,16.12732857142857,9.32801762184721,0.0370450749231046,-11.006199999999996,0.12098355516975308,2,0,0.0640477022512086,False,False,0.09749754710230696,False
2007-05-03,18.17063333333333,0.7571097222222223,4.712,0.106,1440,16.0592,9.320601875594372,0.13147811431038472,1.4458666666666637,0.16067693595548013,3,0,0.2265340115923238,False,False,0.16440915031764053,False
2007-05-04,16.635466666666666,0.6931444444444445,5.702,0.112,1440,15.645095238095237,9.123209571896906,0.06330235856665867,-1.5351666666666652,0.12156163529365915,4,0,0.10855515493386937,False,False,0.13307292026790096,False
2007-05-05,26.050866666666664,1.0854527777777778,5.642,0.11,1440,14.984766666666667,8.811207215834296,0.738489977599473,9.415399999999998,0.19238794359762101,5,1,1.2559119004843646,False,False,0.05787687139330644,False
2007-05-06,35.035066666666665,1.4597944444444444,6.126,0.13,1440,16.100766666666665,9.738030653082294,1.1759874788571145,8.984200000000001,0.23829488156128703,6,1,1.9443664406629169,False,False,0.021361656272507412,False
2007-05-07,27.3944,1.1414333333333333,7.572,0.118,1440,21.051638095238097,9.208060526304369,0.3012954087500033,-7.6406666666666645,0.15074396900862827,0,0,0.6888271299523653,False,False,0.13366330387994185,False
2007-05-08,29.82153333333333,1.2425638888888888,7.672,0.128,1440,23.963166666666666,6.982814668832285,0.24447381050083802,2.4271333333333303,0.1619608822847874,1,0,0.8389692329678201,False,False,0.162431857757874,False
2007-05-09,27.762266666666665,1.1567611111111111,6.356,0.116,1440,24.261819047619046,7.211772720629876,0.14427803670356446,-2.059266666666666,0.18199514019998603,2,0,0.4853796361377693,False,False,0.18045819299658916,False
2007-05-10,11.798066666666667,0.4915861111111111,4.276,0.112,1440,25.838604761904758,6.4562656552010935,-0.5433938180725149,-15.964199999999998,0.11496401101756575,3,0,-2.174715051250593,False,False,0.015466165315057179,False
2007-05-11,16.319233333333333,0.6799680555555555,4.724,0.11,1440,24.928238095238097,7.985797279787567,-0.3453515137738232,4.521166666666666,0.14393904647662056,4,0,-1.0780394818804835,False,False,0.12914917873110654,False
2007-05-12,24.0261,1.0010875,7.172,0.148,1440,24.883061904761906,8.041230917069866,-0.034439568090207914,7.7068666666666665,0.13958275237032905,5,1,-0.10657098566125665,False,False,0.09759579120546624,False
2007-05-13,27.24563333333333,1.1352347222222223,5.562,0.142,1440,24.593809523809522,8.028629139262828,0.10782484945882621,3.219533333333331,0.20410548763434416,6,1,0.3302959650428309,False,False,0.1396969478144745,False
2007-05-14,24.46303333333333,1.0192930555555555,5.62,0.2,1440,23.481033333333333,6.783530766714558,0.04182098743524898,-2.782600000000002,0.18136887109529456,0,0,0.14476237136248798,False,False,0.18601862581399325,False
2007-05-15,15.0732,0.62805,4.228,0.226,1440,23.062266666666662,6.589386221571556,-0.3464128995704382,-9.389833333333328,0.1485454115421003,1,0,-1.212414388537888,False,False,0.12731364877904155,False
2007-05-16,28.215733333333333,1.1756555555555557,5.64,0.206,1440,20.955361904761904,6.423709095548522,0.34646843426367063,13.142533333333333,0.20844956658786448,2,0,1.1302459872603343,False,False,0.10788732631400444,False
2007-05-17,20.53026666666667,0.8554277777777778,5.81,0.214,1440,21.020142857142854,6.5055603922853535,-0.023305083785846867,-7.685466666666663,0.14723369669152803,3,0,-0.07530115177427399,False,False,0.1698482707580367,False
2007-05-18,27.192166666666665,1.1330069444444444,6.126,0.206,1440,22.267599999999998,5.1354022929436,0.22115390372858626,6.661899999999996,0.18495052961874703,4,0,0.9589446718582036,False,False,0.16797124259726354,False
2007-05-19,23.824033333333333,0.9926680555555556,4.524,0.216,1440,23.820876190476188,4.658572074650026,0.00013253680645075895,-3.3681333333333328,0.21942264711661263,5,1,0.0006777061310963648,False,False,0.13684710044319387,False
2007-05-20,32.80546666666666,1.3668944444444444,5.344,0.218,1440,23.792009523809526,4.657714439735057,0.3788438775563301,8.981433333333328,0.2557811460412508,6,1,1.9351674001229333,False,False,0.10748598387171504,False
2007-05-21,18.6677,0.7778208333333333,4.572,0.206,1440,24.58627142857143,5.701823556951164,-0.24072667731527295,-14.13776666666666,0.1701270414114902,0,0,-1.0380137809343513,False,False,0.15549832630641008,False
2007-05-22,18.88086666666667,0.7867027777777779,5.328,0.2,1440,23.758366666666667,6.1275480048590305,-0.2052960991987383,0.2131666666666696,0.14765442525859193,1,0,-0.7959953958960798,False,False,0.17322816738777608,False
2007-05-23,24.4156,1.0173166666666666,5.432,0.204,1440,24.302319047619047,5.3473944462720535,0.004661322738747129,5.534733333333332,0.18728215513009325,2,0,0.021184326968796584,False,False,0.19083586725427326,False
2007-05-24,19.2398,0.8016583333333333,5.462,0.204,1440,23.759442857142858,5.069562497220795,-0.19022511951639084,-5.175800000000002,0.1467701086293177,3,0,-0.8915252272006886,False,False,0.17247006566741058,False
2007-05-25,26.903666666666663,1.1209861111111112,6.98,0.206,1440,23.57509047619047,5.22756277762097,0.1411903888062643,7.663866666666664,0.160599729385546,4,0,0.6367357661826119,False,False,0.163726019247798,False
2007-05-26,25.20413333333333,1.0501722222222225,4.974,0.216,1440,23.53387619047619,5.195330668502187,0.07097246239160002,-1.6995333333333313,0.2111323325738284,5,1,0.32149197990099776,False,False,0.14640703789849374,False
2007-05-27,35.8968,1.4957,6.776,0.218,1440,23.73103333333333,5.234218115970672,0.5126522092730899,10.692666666666668,0.2207349468713105,6,1,2.3242758320572126,False,False,0.08711853994090252,False
2007-05-28,27.29113333333333,1.1371305555555555,5.798,0.204,1440,24.17265238095238,6.173567071224714,0.12900863766353834,-8.605666666666668,0.1961246215169982,0,0,0.5051343763504795,False,False,0.17455706813619348,False
2007-05-29,17.689,0.7370416666666666,4.226,0.206,1440,25.404571428571426,5.736936366680739,-0.3037079940618111,-9.602133333333331,0.17440645212178577,1,0,-1.344894022771858,False,False,0.1678801943293356,False
2007-05-30,26.8311,1.1179625,6.124,0.204,1440,25.23430476190476,5.975547628132901,0.06327874903476076,9.1421,0.18255429457870673,2,0,0.26722157322912493,False,False,0.16869681946122989,False
2007-05-31,15.6425,0.6517708333333333,4.5,0.198,1440,25.57937619047619,5.99011650201163,-0.38847218620506957,-11.1886,0.14483796296296295,3,0,-1.658878618994996,False,False,0.12069590713467304,False
2007-06-01,17.415300000000002,0.7261417651146629,5.354,0.204,1439,25.065476190476193,6.7328993745393255,-0.3052076941344099,1.772800000000002,0.13562603009239127,4,0,-1.136238010537567,False,False,0.1537898990208834,False
2007-06-02,24.739366666666665,1.0308069444444443,6.602,0.21,1440,23.70999523809524,7.237363184184445,0.043415083733020686,7.324066666666663,0.15613555656535055,5,1,0.14223017449516362,False,False,0.11421856574540712,False
2007-06-03,35.133766666666666,1.4639069444444444,6.79,0.218,1440,23.6436,7.223490081619778,0.485973653194381,10.394400000000001,0.2155974881361479,6,1,1.5906669126470427,False,False,0.09466635960348241,False
2007-06-04,15.193633333333333,0.6330680555555556,4.452,0.18,1440,23.53459523809524,7.010381578731506,-0.35441280465535546,-19.940133333333335,0.14219857492263152,0,0,-1.1898014125318357,False,False,0.07736318837149192,False
2007-06-05,24.314866666666667,1.0131194444444445,5.518,0.182,1440,21.80638095238095,7.409742393079462,0.11503448095140353,9.121233333333334,0.18360265394063874,1,0,0.33853885617246104,False,False,0.16317334212393458,False
2007-06-06,28.2273,1.176954829742877,5.326,0.176,1439,22.752933333333335,7.216804911608893,0.24060047935211273,3.9124333333333325,0.22098288203959388,2,0,0.758558217066481,False,False,0.17563619887592652,False
2007-06-07,16.416700000000002,0.6840291666666667,3.682,0.17,1440,22.95239047619048,7.366052807423123,-0.28474988184652206,-11.810599999999997,0.18577652543907297,3,0,-0.8872717379386896,False,False,0.1452599271045507,False
2007-06-08,35.80076666666667,1.491698611111111,7.614,0.172,1440,23.062990476190475,7.24278409265782,0.5523037527863649,19.384066666666666,0.1959152365525494,4,0,1.758685061920978,False,False,0.027444944097338442,False
2007-06-09,17.663566666666668,0.7559300998573467,4.548,0.19,1402,25.689485714285713,8.132370732560036,-0.31242038617985635,-18.1372,0.1662115435042539,5,1,-0.9869101288613437,False,False,0.04963049411488063,False
2007-06-10,22.346866666666664,0.9311194444444444,5.842,0.1,1440,24.678657142857144,8.690732151161235,-0.09448611659428889,4.683299999999996,0.15938367758378028,6,1,-0.2683077139684845,False,False,0.1198997092213227,False
2007-06-11,13.244233333333334,0.5518430555555556,5.044,0.11,1440,22.85195714285714,7.370470963913649,-0.420433302472165,-9.10263333333333,0.10940583972156138,0,0,-1.3035427256363816,False,False,0.06940675778271677,False
2007-06-12,15.312766666666668,0.6380319444444444,6.092,0.096,1440,22.573471428571427,7.735832281839578,-0.32164768209797034,2.0685333333333347,0.10473275516159627,1,0,-0.9385809435074989,False,False,0.08439156880072118,False
2007-06-13,15.454533333333334,0.643938888888889,4.652,0.098,1440,21.287457142857143,8.136001819273854,-0.2740075421117644,0.1417666666666655,0.13842194516098213,2,0,-0.7169275448913804,False,False,0.14753367230122755,False
2007-06-14,20.98473333333333,0.8743638888888889,6.476,0.096,1440,19.462776190476188,7.742980809087291,0.07819835813566463,5.530199999999997,0.13501604213849427,3,0,0.1965595912456543,False,False,0.14816013846832082,False
2007-06-15,16.4934,0.687225,5.376,0.084,1440,20.11535238095238,7.63521768359442,-0.18005910671403783,-4.49133333333333,0.12783203124999998,4,0,-0.4743744751030174,False,False,0.15292233689370388,False
2007-06-16,33.62936666666667,1.4012236111111112,4.928,0.098,1440,17.357157142857144,3.2560744614355066,0.9374927812130746,17.13596666666667,0.2843392068001443,5,1,4.997493059982292,True,True,-0.017379190604351447,True
2007-06-17,32.4515,1.3521458333333334,6.436,0.098,1440,19.637985714285715,6.97480929936723,0.6524861802090556,-1.1778666666666666,0.21009102444582559,6,1,1.8371132077943346,False,False,0.08845050840085489,False
2007-06-18,11.3079,0.4711625,4.638,0.084,1440,21.081504761904764,8.506366931357913,-0.46361039557129297,-21.143600000000003,0.10158742992669254,0,0,-1.1489752135985691,False,True,-0.015782331393907834,False
2007-06-19,14.039333333333332,0.5857858136300418,5.202,0.084,1438,20.804885714285714,8.82906724159544,-0.3251905573461912,2.7314333333333316,0.11260780731065778,1,0,-0.7662816689263118,False,False,0.09149907602448876,False
2007-06-20,17.904766666666667,0.7460319444444445,6.496,0.082,1440,20.622966666666667,8.973035864435426,-0.1318045092122213,3.8654333333333355,0.11484481903393542,2,0,-0.30292980447939244,False,False,0.12224339776078985,False
2007-06-21,13.4491,0.5603791666666667,6.522,0.106,1440,20.973000000000003,8.783606705338876,-0.35874219234253574,-4.4556666666666676,0.08592136870080752,3,0,-0.8565843454064042,False,False,0.0757512968873208,False
2007-06-22,9.438233333333333,0.3932597222222222,4.22,0.116,1440,19.896480952380955,9.232254701535325,-0.5256330324984486,-4.010866666666667,0.09318950763559769,4,0,-1.1327945293047876,False,False,0.023889736531738204,False
2007-06-23,7.959433333333333,0.3316430555555555,2.926,0.118,1440,18.8886,10.017404657542935,-0.578611790533267,-1.4787999999999997,0.1133434913040176,5,1,-1.091017787570076,False,True,-0.018825696698930194,False
2007-06-24,11.910933333333332,0.4962888888888888,3.34,0.12,1440,15.221466666666668,8.267524723814784,-0.21749108714885132,3.9514999999999993,0.14858948769128408,6,1,-0.40042617880503856,False,False,0.053879662283421226,False
2007-06-25,17.870033333333332,0.7445847222222223,7.164,0.112,1440,12.2871,3.2640419343597586,0.4543735570910411,5.959099999999999,0.10393421583224767,0,0,1.7104355414564927,False,False,0.05134775630912736,False
2007-06-26,15.748466666666667,0.6561861111111111,7.29,0.118,1440,13.224547619047618,3.8293270555628136,0.19085106880962727,-2.1215666666666646,0.09001181222374638,1,0,0.6591025031284766,False,False,0.07118287343341295,False
2007-06-27,24.680433333333333,1.0283513888888889,7.436,0.122,1440,13.468709523809524,3.942745670624378,0.832427471221657,8.931966666666666,0.1382936241109318,2,0,2.8436335351420996,True,False,0.051569941601765756,False
2007-06-28,21.59063333333333,0.8996097222222222,6.2,0.15,1440,14.436661904761904,5.667702145537368,0.49554193869510116,-3.089800000000004,0.1450983422939068,3,0,1.2622348960600047,False,False,0.10263177933808165,False
2007-06-29,21.73663333333333,0.906322446143155,5.188,0.124,1439,15.599738095238093,6.237946921521062,0.3933973250466659,0.1460000000000008,0.17469592254108618,4,0,0.9838004900174455,False,False,0.1400843730530726,False
2007-06-30,22.255233333333333,0.9273013888888888,6.376,0.126,1440,17.35665238095238,5.938041180322532,0.28223074616374627,0.5186000000000028,0.14543622786839536,5,1,0.8249489694705824,False,False,0.10490829335816465,False
2007-07-01,17.111066666666666,0.7129611111111112,2.966,0.156,1440,19.39890952380952,4.4357387248438425,-0.11793667341635054,-5.144166666666667,0.2403779875627482,6,1,-0.5157749360504541,False,False,0.09250999196994786,False
2007-07-02,16.1172,0.67155,6.694,0.11,1440,20.14178571428571,3.249514078537541,-0.19981275599765927,-0.9938666666666656,0.10032118314908874,0,0,-1.2385192422668294,False,False,0.11260226672862034,False
2007-07-03,17.6652,0.73605,6.702,0.166,1440,19.891380952380953,3.510782532842211,-0.11191686277138467,1.5479999999999983,0.10982542524619517,1,0,-0.634098219287514,False,False,0.12358254559635268,False
2007-07-04,16.7235,0.6968125,5.346,0.144,1440,20.1652,3.194288358814712,-0.1706752226608215,-0.9416999999999973,0.13034277964833518,2,0,-1.0774543852631673,False,False,0.1611460970370044,False
2007-07-05,17.6215,0.7342291666666666,5.564,0.124,1440,19.02849523809524,2.696731093408953,-0.07394148725320221,0.8979999999999997,0.13196066978193144,3,0,-0.5217410225046382,False,False,0.16155786364915936,False
2007-07-06,17.825400000000002,0.7427250000000001,7.24,0.124,1440,18.46147619047619,2.4765117039687286,-0.03445424319883609,0.20390000000000086,0.10258632596685084,4,0,-0.25684360362878406,False,False,0.11178080074627333,False
2007-07-07,22.636766666666663,0.943198611111111,6.962,0.11,1440,17.90272857142857,2.012097065936741,0.2644310936374953,4.811366666666661,0.13547811133454626,5,1,2.352788131040854,False,False,0.09617297811079722,False
2007-07-08,18.151333333333334,0.7563055555555555,6.17,0.13,1440,17.95723333333333,2.1500864795699597,0.010809014751715784,-4.485433333333329,0.12257788582748062,6,1,0.09027543861343869,False,False,0.0768829078306753,False
2007-07-09,19.6693,0.8195541666666666,5.914,0.134,1440,18.105842857142857,2.1175581245871866,0.0863509727325591,1.5179666666666662,0.13857865516852666,0,0,0.7383302137984691,False,False,0.15896310271650566,False
2007-07-10,15.138733333333334,0.6307805555555556,6.284,0.124,1440,18.613285714285716,1.9829071468200326,-0.18667055533809698,-4.530566666666665,0.10037882806421954,1,0,-1.7522516808336108,False,False,0.10523336132855249,False
2007-07-11,12.0392,0.5016333333333333,4.166,0.12,1440,18.252361904761905,2.375335424378374,-0.340403172870517,-3.0995333333333352,0.12041126580252838,2,0,-2.6156987518459176,True,False,0.10595459809383151,False
2007-07-12,17.826366666666665,0.7427652777777779,5.822,0.128,1440,17.58317619047619,3.341272356437604,0.013830861589284218,5.787166666666666,0.12757905836100616,3,0,0.07278379319241089,False,False,0.135954938520708,False
2007-07-13,13.2397,0.5516541666666667,5.456,0.132,1440,17.612442857142856,3.34256096649095,-0.2482757725666351,-4.586666666666666,0.10110963465298142,4,0,-1.3082013764234794,False,False,0.09096677495949845,False
2007-07-14,21.4695,0.8945625,4.874,0.116,1440,16.957342857142855,3.7217316795691917,0.2660886897711402,8.229800000000001,0.18353764874846124,5,1,1.2123810987307524,False,False,0.1004949973723766,False
2007-07-15,15.283733333333334,0.700018320610687,3.71,0.138,1310,16.790590476190477,3.440367784264528,-0.08974414241082874,-6.185766666666666,0.18868418345301538,6,1,-0.4379930395084997,False,False,0.11254145333790383,False
2007-07-16,14.2279,0.5928291666666666,4.35,0.124,1440,16.380933333333335,3.4220132341670957,-0.1314353272503806,-1.055833333333334,0.13628256704980843,0,0,-0.6291715390917751,False,False,0.15436373518415547,False
2007-07-17,11.993866666666667,0.4997444444444444,3.67,0.116,1440,15.603590476190476,3.158412344465475,-0.23133930713138667,-2.2340333333333326,0.13617014834998484,1,0,-1.142891875992434,False,False,0.13180956478333733,False
2007-07-18,12.618033333333331,0.5257513888888888,5.104,0.112,1440,15.154323809523808,3.446122005950185,-0.16736414689756943,0.6241666666666639,0.10300771725879483,2,0,-0.7359839471183074,False,False,0.08861786128091426,False
2007-07-19,11.2981,0.4707541666666666,4.222,0.116,1440,15.237014285714286,3.364903423734201,-0.2585095880239005,-1.3199333333333314,0.11150027633033315,3,0,-1.1705876186315853,False,False,0.08884925533479704,False
2007-07-20,18.50703333333333,0.771126388888889,5.686,0.116,1440,14.304404761904761,3.4316523385610154,0.29379961217407197,7.208933333333329,0.135618429280494,4,0,1.224666183169022,False,False,0.12671471044504495,False
2007-07-21,17.6708,0.7362833333333334,4.724,0.11,1440,15.056880952380952,3.7242980187599954,0.17360295640816015,-0.8362333333333289,0.15586014676827548,5,1,0.701855499869302,False,False,0.12142818746834488,False
2007-07-22,22.929566666666663,0.9560625434329396,6.596,0.12,1439,14.514209523809525,2.794990106635519,0.5798012719226868,5.258766666666663,0.1449458070698817,6,1,3.010871889270177,True,False,0.061627964169259086,False
2007-07-23,16.516966666666665,0.6882069444444444,5.518,0.116,1440,15.606471428571426,4.257280717496329,0.0583408775175378,-6.412599999999998,0.12472035963110628,0,0,0.21386779461202488,False,False,0.12145733543611997,False
2007-07-24,13.754733333333334,0.5731138888888889,3.052,0.11,1440,15.93348095238095,4.221505072042475,-0.13674021549710672,-2.762233333333331,0.18778305664773556,1,0,-0.516106834379209,False,False,0.17175827551621498,False
2007-07-25,7.876,0.3281666666666666,3.946,0.122,1440,16.18503333333333,3.9939550303019167,-0.5133775854647604,-5.878733333333334,0.08316438587599255,2,0,-2.080402325587832,False,False,0.0031206646066543886,False
2007-07-26,15.408333333333331,0.6420138888888889,5.476,0.112,1440,15.507599999999998,4.98019737211138,-0.006401162440781736,7.532333333333331,0.11724139680220762,3,0,-0.0199322756207516,False,False,0.09245600169076951,False
2007-07-27,20.0419,0.8350791666666666,4.608,0.112,1440,16.09477619047619,4.63124762998746,0.24524254098416434,4.633566666666667,0.1812237774884259,4,0,0.8522808808507821,False,False,0.1645650954609868,False
2007-07-28,27.031033333333333,1.1262930555555557,5.802,0.102,1440,16.314042857142855,4.797829099503465,0.656918126918994,6.989133333333335,0.19412151939944083,5,1,2.233716594302952,False,False,0.08056778049557894,False
2007-07-29,5.351933333333333,0.2229972222222222,1.298,0.098,1440,17.651219047619048,6.30623762872499,-0.6967952570927247,-21.6791,0.1718006334531758,6,1,-1.9503365458767867,False,True,-0.06780828416309259,False
2007-07-30,7.780266666666666,0.3241777777777778,4.1,0.098,1440,15.140128571428571,7.278784765976936,-0.4861162089898589,2.428333333333333,0.07906775067750678,0,0,-1.0111388289929861,False,False,0.0043959790306409285,False
2007-07-31,13.538866666666664,0.5641194444444444,3.848,0.098,1440,13.89202857142857,7.737913746214956,-0.02542191033844018,5.758599999999998,0.14660068722568723,1,0,-0.04564045508192146,False,False,0.12959957446185344,False
2007-08-01,17.6723,0.7472431289640592,3.71,0.1,1419,13.861190476190474,7.738982182161943,0.2749482110036589,4.133433333333336,0.20141324230837176,2,0,0.49245616982992757,False,False,0.15676336429689758,False
2007-08-02,16.990266666666667,0.7079277777777778,3.596,0.1,1440,15.260661904761903,7.3523633400582655,0.11333746679526799,-0.682033333333333,0.19686534420961563,3,0,0.23524473450343067,False,False,0.16997269717122826,False
2007-08-03,17.722733333333334,0.7384472222222223,4.548,0.102,1440,15.48665238095238,7.381911496124407,0.14438762473491007,0.7324666666666673,0.16236746310954756,4,0,0.3029135412358877,False,False,0.16038153578626402,False
2007-08-04,19.083166666666664,0.7951319444444445,3.64,0.098,1440,15.155342857142857,7.193018828123973,0.2591708974549913,1.3604333333333294,0.21844284188034188,5,1,0.5460605488986646,False,False,0.11205978055850774,False
2007-08-05,13.1183,0.5465958333333333,4.294,0.1,1440,14.019933333333332,5.413083090309306,-0.06431081460206656,-5.964866666666664,0.12729292811675205,6,1,-0.16656558162712648,False,False,0.05972563073606518,False
2007-08-06,18.162,0.75675,5.146,0.102,1440,15.129414285714287,3.934270242316441,0.20044303480731465,5.043699999999999,0.1470559657986786,0,0,0.770812762597663,False,False,0.14871218484239684,False
2007-08-07,24.726333333333333,1.0302638888888889,4.778,0.098,1440,16.61251904761905,2.3331059870876123,0.4884156498154431,6.564333333333334,0.21562659876284826,1,0,3.477687824993608,True,False,0.13347332203648854,False
2007-08-08,18.758033333333337,0.7815847222222222,5.702,0.102,1440,18.21072857142857,3.444005149339526,0.030053973939485897,-5.968299999999996,0.13707203125608947,2,0,0.15891519848909777,False,False,0.15495566862197757,False
2007-08-09,17.861333333333334,0.7442222222222222,6.332,0.1,1440,18.365833333333335,3.44016142009299,-0.027469485911339,-0.8967000000000027,0.11753351582789359,3,0,-0.146650095269763,False,False,0.14202613854569918,False
2007-08-10,17.133499999999998,0.7138958333333333,5.572,0.102,1440,18.490271428571425,3.3976022500313228,-0.07337758311513617,-0.7278333333333364,0.12812200885379277,4,0,-0.3993320373386612,False,False,0.15813130265716668,False
2007-08-11,18.194166666666668,0.7580902777777778,5.602,0.102,1440,18.406095238095237,3.426959800876765,-0.011514042967132898,1.0606666666666698,0.13532493355547623,5,1,-0.06184156912910046,False,False,0.10680521412064281,False
2007-08-12,20.6984,0.8624333333333334,7.548,0.102,1440,18.279095238095238,3.4141349773393532,0.13235363842640957,2.5042333333333318,0.1142598480833775,6,1,0.7086142691962736,False,False,0.06478718189180177,False
2007-08-13,19.216866666666668,0.8007027777777778,3.36,0.1,1440,19.361966666666664,2.6124337371713424,-0.007494073432622847,-1.4815333333333314,0.23830439814814816,0,0,-0.05554207861252983,False,False,0.17982653169131524,False
2007-08-14,15.6865,0.6536041666666667,5.534,0.102,1440,19.512661904761906,2.561608570542573,-0.19608610672581592,-3.5303666666666675,0.11810700518009878,1,0,-1.4936559585102762,False,False,0.14251568205259402,False
2007-08-15,19.86433333333333,0.8276805555555555,6.508,0.106,1440,18.221257142857144,1.5892394488622625,0.09017359107520655,4.17783333333333,0.1271789421566619,2,0,1.0338757898644322,False,False,0.14056900759570934,False
2007-08-16,15.974933333333333,0.6656222222222222,4.146,0.104,1440,18.3793,1.7024893553808509,-0.13081927313154842,-3.8893999999999984,0.16054563970627647,3,0,-1.4122653155319174,False,False,0.17792093731707653,False
2007-08-17,16.831533333333333,0.7013138888888888,5.142,0.1,1440,18.109814285714286,1.9319744554764895,-0.0705849840431169,0.8566000000000003,0.13638932105968277,4,0,-0.661644851854776,False,False,0.16497168296650377,False
2007-08-18,5.799333333333333,0.2416388888888888,1.384,0.102,1440,18.06667619047619,1.9605670149894063,-0.6790038592494153,-11.0322,0.17459457289659597,5,1,-6.257038276862544,True,True,-0.01609906359476554,True
2007-08-19,23.7049,0.9877041666666668,6.63,0.102,1440,16.295985714285713,5.026379938840342,0.4546465869333289,17.905566666666665,0.14897498743086982,6,1,1.4740060194143678,False,False,0.02330815320140156,False
2007-08-20,22.31403333333333,0.929751388888889,5.084,0.11,1440,16.725485714285714,5.564866565298456,0.3341336517524438,-1.3908666666666676,0.1828779285776729,0,0,1.0042554576055482,False,False,0.15161940904147203,False
2007-08-21,10.709266666666666,0.4462194444444444,4.96,0.104,1440,17.167938095238096,5.908482264395583,-0.3762054238978695,-11.604766666666665,0.08996359767025089,1,0,-1.0931185268154697,False,False,0.03154886090022002,False
2007-08-22,20.163466666666665,0.8401444444444445,5.332,0.108,1440,16.45690476190476,6.395855103066196,0.22522837425309977,9.454199999999998,0.15756647495207135,2,0,0.5795256216772275,False,False,0.13148590308016667,False
2007-08-23,18.538533333333334,0.7724388888888888,5.17,0.106,1440,16.499638095238094,6.4233561284387175,0.12357211875354275,-1.6249333333333311,0.14940790887599398,3,0,0.31741899364231896,False,False,0.15848910520930576,False
2007-08-24,27.60356666666667,1.1509478804725504,8.694,0.112,1439,16.865866666666665,6.461423203076793,0.6366527266115392,9.065033333333336,0.13238415924459976,4,0,1.6618165476124422,False,False,0.06635994682289359,False
2007-08-25,19.18133333333333,0.7992222222222223,6.796,0.112,1440,18.40472857142857,7.629114077382392,0.042195936706741696,-8.422233333333338,0.11760185730168073,5,1,0.10179488129652134,False,False,0.060895631342721246,False
2007-08-26,21.9151,0.9131291666666668,8.166,0.114,1440,20.316442857142857,5.249521484708162,0.0786878467898275,2.733766666666668,0.11182086292758593,6,1,0.3045338794238723,False,False,0.06404921487327897,False
2007-08-27,20.195500000000003,0.8414791666666667,5.194,0.114,1440,20.060757142857142,5.098386860411103,0.006716738365522636,-1.7195999999999962,0.16200985111025543,0,0,0.02642852746015354,False,False,0.18161456043939322,False
2007-08-28,16.616733333333336,0.6923638888888889,4.104,0.108,1440,19.758109523809527,5.004348516511304,-0.15899173889539747,-3.5787666666666667,0.16870465128871562,1,0,-0.6277292998502325,False,False,0.1816747800948687,False
2007-08-29,12.466533333333334,0.5194388888888889,4.292,0.108,1440,20.602033333333335,3.4943349388953924,-0.39488820682748144,-4.150200000000002,0.12102490421455939,2,0,-2.3281969651632033,False,False,0.10677633919587531,False
2007-08-30,20.04096666666667,0.8350402777777778,5.018,0.106,1440,19.50247142857143,4.668922517440434,0.027611640917793452,7.574433333333335,0.16640898321597805,3,0,0.11533608366464194,False,False,0.15942380986426208,False
2007-08-31,21.33036666666667,0.8887652777777777,5.164,0.104,1440,19.71710476190476,4.651726436473694,0.08182042567826074,1.2894000000000005,0.17210791591358982,4,0,0.34680928184264964,False,False,0.1773480012012656,False
2007-09-01,28.3581,1.1815875,4.934,0.11,1440,18.820933333333333,3.2816617495589644,0.5067318659365104,7.02773333333333,0.23947861775435753,5,1,2.906200393123516,True,False,0.09085758758643347,False
2007-09-02,27.7078,1.1544916666666667,5.306,0.098,1440,20.1319,4.888985029143069,0.3763132143513527,-0.6503000000000014,0.21758229677095112,6,1,1.5495854364127364,False,False,0.126756277860179,False
2007-09-03,17.315366666666666,0.7214736111111111,5.002,0.118,1440,20.95942857142857,5.669125175095301,-0.17386265528867564,-10.392433333333333,0.1442370274112577,0,0,-0.6427908702334565,False,False,0.1559007728715392,False
2007-09-04,26.415733333333336,1.1006555555555555,5.868,0.12,1440,20.547980952380954,5.835872654058808,0.2855634524165971,9.10036666666667,0.1875691130803605,1,0,1.0054627180514986,False,False,0.15245169295307504,False
2007-09-05,20.60953333333333,0.8587305555555554,7.98,0.112,1440,21.947838095238097,5.910485989964447,-0.0609766099101638,-5.806200000000004,0.10761034530771371,2,0,-0.2264288865885318,False,False,0.12354636886012482,False
2007-09-06,15.024566666666669,0.6260236111111112,5.748,0.11,1440,23.11112380952381,4.321002042381423,-0.34989891489070607,-5.584966666666663,0.1089115537771592,3,0,-1.8714541357634764,False,False,0.09832104247097784,False
2007-09-07,22.27493333333333,0.9281222222222224,5.656,0.108,1440,22.39449523809524,5.2344690574232615,-0.005338897058886258,7.250366666666661,0.16409515951595163,4,0,-0.022841266888826532,False,False,0.16582235231779496,False
2007-09-08,24.495866666666668,1.020661111111111,5.896,0.112,1440,22.529433333333337,5.2146023383770395,0.08728285812781195,2.2209333333333383,0.17311077189808532,5,1,0.377101302406379,False,False,0.1373494413727383,False
2007-09-09,27.9917,1.1663208333333333,5.69,0.122,1440,21.977685714285716,4.671098946035148,0.2736418367201018,3.4958333333333336,0.20497729935559458,6,1,1.2874945179268813,False,False,0.13327035967428147,False
2007-09-10,18.62293333333333,0.7759555555555555,6.106,0.106,1440,22.01824285714286,4.730004159802179,-0.15420438160477778,-9.368766666666673,0.127080831240674,0,0,-0.717823792347686,False,False,0.13824670486883167,False
2007-09-11,16.392866666666666,0.6830361111111111,4.736,0.106,1440,22.20503809523809,4.535130854105791,-0.2617501219157041,-2.230066666666662,0.14422215183933934,1,0,-1.2815884735298189,False,False,0.15997196392317437,False
2007-09-12,21.462733333333333,0.8942805555555555,6.18,0.114,1440,20.7732,4.566266366762031,0.03319340945705685,5.069866666666666,0.14470559151384393,2,0,0.15100593744431204,False,False,0.15789889775311505,False
2007-09-13,19.106366666666663,0.7960986111111111,6.752,0.106,1440,20.895085714285717,4.572552309558709,-0.08560477195822788,-2.35636666666667,0.11790559998683518,3,0,-0.39118613118538187,False,False,0.15100825633161435,False
2007-09-14,18.9245,0.7885208333333333,5.246,0.118,1440,21.478199999999998,3.9116444494469063,-0.11889730051866541,-0.1818666666666644,0.15030896556106238,4,0,-0.652845633851278,False,False,0.17964720061012263,False
2007-09-15,18.2552,0.7606333333333333,5.452,0.124,1440,20.999566666666663,4.001848414679643,-0.1306868236963619,-0.6692999999999998,0.13951455123502077,5,1,-0.6857747676298122,False,False,0.10994919573789824,False
2007-09-16,27.537066666666668,1.1473777777777778,6.04,0.11,1440,20.108042857142856,3.782249687573963,0.36945533995044405,9.28186666666667,0.18996320824135393,6,1,1.964181221015313,False,False,0.1076209784726117,False
2007-09-17,24.3531,1.0147125,8.11,0.11,1440,20.043095238095237,3.6249435319447745,0.21503688480773583,-3.1839666666666666,0.12511868064118373,0,0,1.1889853521642186,False,False,0.12867466245608916,False
2007-09-18,19.458666666666662,0.8107777777777778,5.242,0.106,1440,20.86169047619048,3.888227696603533,-0.06725360109839096,-4.894433333333339,0.15466954936623004,1,0,-0.36083890116553446,False,False,0.18494492235680038,False
2007-09-19,21.64473333333333,0.9018638888888888,5.992,0.106,1440,21.299661904761905,3.448797966625919,0.016200793708104805,2.186066666666669,0.15051132992137664,2,0,0.1000555648404716,False,False,0.16837299590383664,False
2007-09-20,20.92553333333333,0.8718972222222222,6.148,0.106,1440,21.325661904761905,3.4509176192142106,-0.018762773845684373,-0.7192000000000007,0.1418180257355599,3,0,-0.11594845649189543,False,False,0.17324482321601736,False
2007-09-21,20.64633333333333,0.8602638888888888,6.406,0.104,1440,21.58554285714286,3.322023962425785,-0.043511044870420484,-0.27919999999999945,0.13429033544940508,4,0,-0.2827220798021289,False,False,0.17032627797534927,False
2007-09-22,19.602866666666664,0.8167861111111111,5.804,0.11,1440,21.83151904761905,3.1515206562251272,-0.10208416446383027,-1.0434666666666672,0.1407281376828241,5,1,-0.7071673087562285,False,False,0.11113135840187838,False
2007-09-23,23.63283333333333,0.9847013888888888,5.098,0.112,1440,22.024042857142856,2.930013374935597,0.07304700988032768,4.029966666666667,0.1931544505470555,6,1,0.5490727414259112,False,False,0.13359567431640734,False
2007-09-24,22.5755,0.9406458333333332,6.81,0.108,1440,21.466295238095235,1.8941607063921757,0.051671923338514086,-1.0573333333333288,0.13812714145863925,0,0,0.5855916861550142,False,False,0.16117530867295077,False
2007-09-25,29.4057,1.2252375,5.85,0.11,1440,21.212352380952378,1.52601623721482,0.38625360695048766,6.830199999999998,0.2094423076923077,1,0,5.369109069246574,True,False,0.15150698581394162,False
2007-09-26,30.371066666666664,1.267221140472879,7.03,0.2,1438,22.63335714285714,3.2632576572608936,0.34187193154646384,0.9653666666666645,0.18025905269884482,2,0,2.371161071695573,False,False,0.14891247586672818,False
2007-09-27,23.21,0.9670833333333332,5.786,0.202,1440,23.87997619047619,4.318747146934321,-0.028055982348231475,-7.161066666666663,0.1671419518377693,3,0,-0.1551320713350336,False,False,0.18861408972302296,False
2007-09-28,28.0083,1.1670125,7.244,0.204,1440,24.206328571428568,4.140934996646883,0.15706518307195946,4.798299999999998,0.1611005659856433,4,0,0.9181432289205391,False,False,0.1697075116942024,False
2007-09-29,38.27536666666667,1.5948069444444444,7.592,0.214,1440,25.258038095238096,4.019179561175817,0.5153737009321692,10.267066666666672,0.21006413915232408,5,1,3.2388024404712925,True,False,0.08507274986858648,False
2007-09-30,25.2715,1.0529791666666666,4.17,0.21,1440,27.925538095238096,5.54652761599304,-0.09503981932905589,-13.00386666666667,0.2525129896083133,6,1,-0.47850444079379606,False,False,0.0774178883979767,False
2007-10-01,28.682033333333333,1.1950847222222225,7.624,0.194,1440,28.159633333333336,5.366824193512767,0.01855137791803625,3.4105333333333334,0.15675298035443633,0,0,0.09733875773897284,False,False,0.17586406566751084,False
2007-10-02,36.647733333333335,1.526988888888889,6.034,0.2,1440,29.031995238095238,4.771094583877663,0.26232224250453406,7.965700000000002,0.25306411814532465,1,0,1.5962245060018232,False,False,0.13822935018747218,False
2007-10-03,21.3409,0.8892041666666667,5.604,0.202,1440,30.06657142857143,5.5819267491719735,-0.29021172065796846,-15.306833333333334,0.1586731203901975,2,0,-1.5632006331623394,False,False,0.14565305558937897,False
2007-10-04,25.30763333333333,1.0544847222222222,6.446,0.202,1440,28.77654761904762,6.472286199946744,-0.12054657603951636,3.9667333333333303,0.16358745302857933,3,0,-0.5359642912179673,False,False,0.18558697862661766,False
2007-10-05,23.234866666666665,0.9681194444444444,5.038,0.202,1440,29.076209523809524,6.215052494421314,-0.20089767383054455,-2.0727666666666664,0.19216344669401436,4,0,-0.9398702363956057,False,False,0.19985331866764477,False
2007-10-06,29.270666666666664,1.2196111111111112,6.252,0.202,1440,28.394290476190474,6.601603663272366,0.03086452155622834,6.035799999999998,0.19507535366460513,5,1,0.13275201529468628,False,False,0.13369473504040108,False
2007-10-07,35.1019,1.4625791666666668,6.16,0.25,1440,27.107904761904763,5.0503444876793,0.2948953564765856,5.831233333333337,0.2374316829004329,6,1,1.5828613785846088,False,False,0.1308605237594777,False
2007-10-08,18.25403333333333,0.7605847222222222,5.372,0.22,1440,28.51224761904762,5.770069353420314,-0.35978272996132676,-16.847866666666672,0.14158315752461323,0,0,-1.7778320601352129,False,False,0.11510760452084162,False
2007-10-09,28.130966666666662,1.172123611111111,6.796,0.214,1440,27.022533333333335,6.945377295140398,0.04101885340135863,9.876933333333334,0.17247257373618466,1,0,0.15959296179760965,False,False,0.15280448052523138,False
2007-10-10,19.44953333333333,0.8103972222222222,6.722,0.212,1440,25.80585238095238,5.592428754818852,-0.2463130825436608,-8.681433333333331,0.12055894409732552,2,0,-1.1365936565829244,False,False,0.13194464106672243,False
2007-10-11,28.8741,1.2030875,6.426,0.214,1440,25.535657142857136,5.882282862835871,0.13073651633346337,9.424566666666667,0.18722183317771554,3,0,0.5675420470231154,False,False,0.1636891079591778,False
2007-10-12,31.9084,1.329516666666667,5.688,0.218,1440,26.045152380952377,6.012259948633872,0.22511857612841601,3.0343000000000018,0.2337406235349274,4,0,0.9752152550190203,False,False,0.17177476656012008,False
2007-10-13,32.11213333333333,1.3380055555555557,9.036,0.216,1440,27.284228571428567,6.226508068270104,0.17694855287059275,0.2037333333333322,0.14807498401455907,5,1,0.7753791866917296,False,False,0.11485787865449537,False
2007-10-14,34.3542,1.431425,7.884,0.218,1440,27.690152380952377,6.465623525683577,0.24066489513548928,2.242066666666666,0.1815607559614409,6,1,1.0306890886201214,False,False,0.12876452273185868,False
2007-10-15,21.105500000000003,0.8793958333333333,4.846,0.216,1440,27.583338095238094,6.3274716951070475,-0.23484605354405622,-13.248699999999996,0.18146839317650293,0,0,-1.0237640573323024,False,False,0.15970927454308542,False
2007-10-16,32.740700000000004,1.3641958333333333,7.152,0.21,1440,27.990690476190476,5.686039858372889,0.16969961951635293,11.635200000000001,0.19074326528709917,1,0,0.835380975533433,False,False,0.12588178265311567,False
2007-10-17,26.28216666666667,1.0950902777777778,6.9,0.208,1440,28.649223809523814,5.965086554763477,-0.08262203397183378,-6.458533333333335,0.15870873590982287,2,0,-0.3968185744039052,False,False,0.18349732414801112,False
2007-10-18,25.30883333333333,1.054534722222222,5.78,0.226,1440,29.62531428571429,4.6150646794094,-0.14570245266435614,-0.9733333333333398,0.1824454536716647,3,0,-0.9353023743392801,False,False,0.19466862520157813,False
2007-10-19,34.7608,1.4483666666666668,6.192,0.218,1440,29.11599047619048,4.899740497879532,0.19387317523769462,9.451966666666674,0.23390934539190356,4,0,1.1520629564468643,False,False,0.1465478064232324,False
2007-10-20,27.670766666666665,1.1529486111111111,5.57,0.22,1440,29.52347619047619,5.274921058483002,-0.06275377302646974,-7.090033333333338,0.2069925693197686,5,1,-0.35122981050684027,False,False,0.12588899155319327,False
2007-10-21,32.36566666666667,1.3485694444444445,7.44,0.22,1440,28.888995238095237,5.177872427667148,0.12034587564979857,4.694900000000004,0.1812593339307049,6,1,0.6714478730673983,False,False,0.12855343710962425,False
2007-10-22,27.548266666666667,1.1478444444444444,5.326,0.216,1440,28.604919047619045,4.873671843382979,-0.036939534042846035,-4.817400000000003,0.21551716944131516,0,0,-0.21680827411205444,False,False,0.19785058400880967,False
2007-10-23,32.577466666666666,1.359282336578581,8.498,0.218,1438,29.525314285714284,3.6846845153085286,0.10337408609496682,5.0291999999999994,0.15995320505749366,1,0,0.8283347918313753,False,False,0.1630110459486941,False
2007-10-24,31.09393333333333,1.2955805555555555,5.826,0.218,1440,29.50199523809524,3.6613868566244645,0.05396035360965877,-1.4835333333333374,0.22237908608917878,2,0,0.43479101159655686,False,False,0.18362744245497042,False
2007-10-25,30.898633333333336,1.2874430555555554,6.544,0.198,1440,30.189390476190475,3.3983797036079024,0.023493116156227838,-0.19529999999999248,0.1967364082450421,3,0,0.2087002980831986,False,False,0.1899685217543302,False
2007-10-26,23.959466666666668,0.9983111111111111,5.802,0.386,1440,30.987933333333334,2.630380207062026,-0.22681301754016078,-6.939166666666669,0.172063273200812,4,0,-2.6720345020072345,True,False,0.1834550864175158,False
2007-10-27,29.761466666666664,1.2400611111111113,6.678,0.196,1440,29.444885714285714,3.1625740918773255,0.010751644800147904,5.801999999999996,0.18569348773751293,5,1,0.10010230375125367,False,False,0.12878499181301772,False
2007-10-28,8.535966666666667,0.3556652777777778,1.516,0.196,1440,29.743557142857146,3.0642982358188093,-0.7130145992401395,-21.225499999999997,0.23460770301964234,6,1,-6.92086371629673,True,True,-0.051854902080305965,True
2007-10-29,9.090466666666666,0.3787694444444444,1.606,0.194,1440,26.339314285714288,8.347693209367767,-0.6548707924565417,0.5544999999999991,0.23584647848346474,0,0,-2.0663010949768728,False,False,0.07410371541293315,False
2007-10-30,13.5168,0.5632,7.922,0.196,1440,23.70248571428571,10.531658744205082,-0.42973069732288466,4.426333333333334,0.07109315829336027,1,0,-0.9671492365711395,False,False,0.03579588871729289,False
2007-10-31,21.386833333333332,0.8911180555555556,6.206,0.196,1440,20.979533333333332,10.31646446470307,0.01941415919642315,7.870033333333332,0.14358976080495578,2,0,0.03948057994030247,False,False,0.14362361493913894,False
2007-11-01,8.270266666666666,0.3445944444444444,1.444,0.196,1440,19.592804761904763,9.33613345487282,-0.5778926617618859,-13.116566666666666,0.23863881194213604,3,0,-1.2127652362690369,False,False,0.03638733240797054,False
2007-11-02,24.060033333333337,1.002501388888889,5.582,0.194,1440,16.36018095238095,8.662269137832363,0.4706459178760979,15.78976666666667,0.17959537601019152,4,0,0.8888955374664321,False,False,0.07069942384551631,False
2007-11-03,8.209166666666665,0.3420486111111111,1.504,0.194,1440,16.37454761904762,8.677044218422841,-0.49866299468833025,-15.850866666666672,0.2274259382387707,5,1,-0.9410325390579963,False,True,-0.011237725007820054,False
2007-11-04,24.761433333333336,1.0317263888888888,5.506,0.196,1440,13.295647619047617,6.743553047797963,0.8623713596214447,16.55226666666667,0.18738219921701577,6,1,1.7002588447094298,False,False,0.006506487757571566,False
2007-11-05,25.009866666666667,1.042077777777778,3.844,0.218,1440,15.61357142857143,7.572464702470285,0.6018030711987434,0.24843333333333106,0.27109203376112856,0,0,1.2408503185270687,False,False,0.0974870116112247,False
2007-11-06,34.7063,1.4460958333333334,5.844,0.218,1440,17.88777142857143,7.676684386369952,0.9402249262065703,9.696433333333331,0.2474496634725074,1,0,2.1908584129484434,False,False,0.042998230446237184,False
2007-11-07,30.745966666666668,1.2810819444444446,6.456,0.216,1440,20.91484285714286,9.602120261088821,0.47005487331052404,-3.960333333333331,0.19843276710725596,2,0,1.0238492689331322,False,False,0.12235221043207434,False
2007-11-08,25.017666666666663,1.0424027777777778,6.46,0.224,1440,22.251861904761906,10.304684710227459,0.12429543081574104,-5.728300000000004,0.1613626590987272,3,0,0.2684026575951111,False,False,0.16156791282610367,False
2007-11-09,36.1871,1.5077958333333334,7.046,0.22,1440,24.644347619047615,8.25848974481001,0.4683732172334314,11.169433333333338,0.21399316397010124,4,0,1.3976832008789921,False,False,0.09515669994197545,False
2007-11-10,43.52666666666667,1.813611111111111,6.622,0.222,1440,26.376785714285717,9.31933683493144,0.6501884322884932,7.33956666666667,0.2738766401557099,5,1,1.8402469248775815,False,False,0.0338983004170893,False
2007-11-11,31.452066666666667,1.3105027777777778,9.326,0.246,1440,31.42214285714286,7.152701915896673,0.0009523160040310832,-12.074600000000004,0.14052142159315653,6,1,0.004183567255515476,False,False,0.07031220771663649,False
2007-11-12,35.935766666666666,1.4973236111111112,8.026,0.242,1440,32.37794761904762,6.53462282843831,0.10988402012010236,4.483699999999999,0.18655913420273004,0,0,0.5444566796014026,False,False,0.1513409382895176,False
2007-11-13,36.90663333333333,1.537776388888889,8.848,0.222,1440,33.938790476190476,5.7376478854083794,0.08744692475782026,0.9708666666666659,0.1737993206248744,1,0,0.5172577537723226,False,False,0.1480941302201077,False
2007-11-14,34.13323333333334,1.4222180555555557,4.604,0.226,1440,34.25312380952381,5.845953041578308,-0.003500132626068266,-2.773399999999995,0.3089092214499469,2,0,-0.020508285875334643,False,False,0.13195629755916727,False
2007-11-15,24.866466666666668,1.0361027777777778,4.874,0.212,1440,34.73701904761905,5.643966425565454,-0.2841508181062224,-9.266766666666669,0.21257750877672915,3,0,-1.7488680188177197,False,False,0.17347454685497515,False
2007-11-16,38.4959,1.6039958333333333,6.606,0.224,1440,34.715419047619044,5.687484355399149,0.10889918820208623,13.629433333333331,0.2428089363205167,4,0,0.6647017760659212,False,False,0.11470715627718514,False
2007-11-17,43.50156666666666,1.8125652777777777,6.498,0.216,1440,35.04524761904762,5.851631580984636,0.2412971692921611,5.005666666666663,0.27894202489654935,5,1,1.445121575168634,False,False,0.07403646675883613,False
2007-11-18,36.39763333333333,1.5165680555555556,6.41,0.222,1440,35.0416619047619,5.845572765347597,0.0386959794388965,-7.10393333333333,0.23659408042988386,6,1,0.2319655375106427,False,False,0.10863326919103095,False
2007-11-19,28.727566666666668,1.1969819444444445,6.078,0.218,1440,35.74817142857143,5.634472769197257,-0.1963905979340136,-7.6700666666666635,0.19693681218236994,0,0,-1.2460091741476265,False,False,0.18759166150245954,False
2007-11-20,34.93093333333333,1.4554555555555555,6.26,0.218,1440,34.71842857142857,6.222470129935258,0.006120805884620044,6.2033666666666605,0.2325008874689386,1,0,0.03415119035805989,False,False,0.16993893279762717,False
2007-11-21,29.197266666666664,1.217398193189715,5.954,0.216,1439,34.43618571428571,6.151071696441353,-0.15213412690609648,-5.7336666666666645,0.20446728135534348,2,0,-0.8517083373698893,False,False,0.18727430336375106,False
2007-11-22,32.2063,1.3419291666666666,7.96,0.22,1440,33.731047619047615,6.466426790191787,-0.04520309111853986,3.009033333333335,0.1685840661641541,3,0,-0.23579446091624182,False,False,0.17300547069375755,False
2007-11-23,42.04363333333333,1.7518180555555556,7.308,0.214,1440,34.77959523809523,5.274718755094334,0.20885919015186122,9.837333333333333,0.23971237760749256,4,0,1.3771422577217936,False,False,0.11553392977047866,False
2007-11-24,31.6509,1.3187875,6.068,0.214,1440,35.28641428571429,5.832283960973486,-0.10302872534107625,-10.392733333333332,0.21733478905735004,5,1,-0.6233431551071925,False,False,0.10802711647052088,False
2007-11-25,23.259966666666667,0.9691652777777776,6.456,0.214,1440,33.5934619047619,4.650427190748721,-0.3076043566867532,-8.390933333333333,0.15011853745008946,6,1,-2.2220529027208653,False,False,0.08606357819479088,False
2007-11-26,26.16193333333333,1.0900805555555555,6.34,0.214,1440,31.71665238095238,5.831233243677473,-0.17513572936073693,2.901966666666663,0.17193699614440938,0,0,-0.9525804946392369,False,False,0.186578291683904,False
2007-11-27,46.68353333333333,1.9451472222222224,7.212,0.22,1440,31.350133333333332,6.12371896342108,0.48910158808468646,20.5216,0.2697098200529981,1,0,2.5039359401682653,True,True,-0.0004219807291762079,True
2007-11-28,27.415666666666667,1.1423194444444444,5.75,0.224,1440,33.02907619047619,8.441550872074403,-0.16995357337387862,-19.267866666666663,0.19866425120772946,2,0,-0.6649737244822288,False,False,0.14166044905741054,False
2007-11-29,28.65383333333333,1.194739402362752,5.144,0.216,1439,32.7745619047619,8.601674704756919,-0.1257294783497887,1.2381666666666646,0.23225882627580716,3,0,-0.4790611959726536,False,False,0.189086749343005,False
2007-11-30,38.86213333333333,1.6192555555555557,7.446,0.214,1440,32.267066666666665,8.744402674557868,0.20439002822279068,10.208300000000001,0.21746649953741012,4,0,0.75420436502258,False,False,0.1304000052042752,False
2007-12-01,52.24903333333333,2.177043055555556,7.738,0.214,1440,31.812566666666665,8.218425696860367,0.6424023210953324,13.386899999999997,0.281344411418397,5,1,2.4866644075730804,False,True,-0.004344470688911417,False
2007-12-02,49.10313333333333,2.045963888888889,8.594,0.196,1440,34.755157142857136,11.271396603361296,0.4128301342877106,-3.1458999999999975,0.23806887233987542,6,1,1.2729546031764527,False,False,0.03231109308114344,False
2007-12-03,29.367666666666665,1.2236527777777777,6.33,0.22,1440,38.44703809523809,11.109916068196961,-0.23615268895566666,-19.735466666666667,0.1933100754783219,0,0,-0.8172313249567984,False,False,0.123001662767594,False
2007-12-04,34.4606,1.4358583333333332,7.448,0.22,1440,38.904999999999994,10.572168596822022,-0.11423724457010655,5.092933333333335,0.19278441639813818,1,0,-0.4203867881312425,False,False,0.16651317303883517,False
2007-12-05,35.885333333333335,1.4952222222222222,7.604,0.242,1440,37.15886666666666,10.07082198114563,-0.034272663500680665,1.4247333333333358,0.1966362733064469,2,0,-0.12645773460375,False,False,0.17002994888112827,False
2007-12-06,41.46556666666666,1.7277319444444446,6.838,0.222,1440,38.36881904761905,9.17399204106788,0.08071000609125546,5.580233333333325,0.25266626856455754,3,0,0.3375572602619286,False,False,0.13897010744642024,False
2007-12-07,29.483600000000003,1.2284833333333334,7.154,0.222,1440,40.19906666666667,8.131554113201613,-0.26656008597214526,-11.981966666666658,0.17171978380393255,4,0,-1.3177636793033276,False,False,0.1409220598915803,False
2007-12-08,36.89006666666667,1.5370861111111112,6.222,0.222,1440,38.85927619047619,9.10312766106232,-0.05067540409546127,7.406466666666667,0.24704051930426085,5,1,-0.21632230120561818,False,False,0.11176945563253199,False
2007-12-09,37.909733333333335,1.5795722222222222,8.054,0.214,1440,36.6651380952381,6.9293349274266625,0.033944921599978334,1.0196666666666658,0.19612269955577627,6,1,0.179612509877256,False,False,0.12323317920050975,False
2007-12-10,29.31256666666667,1.2213569444444443,7.312,0.214,1440,35.06608095238095,4.4166446683669,-0.1640763418509026,-8.597166666666666,0.16703459305859467,0,0,-1.302688968148688,False,False,0.16431368562642645,False
2007-12-11,38.4184,1.6007666666666664,6.56,0.214,1440,35.05820952380952,4.428526246737433,0.09584603782769985,9.10583333333333,0.2440193089430894,1,0,0.7587604293112142,False,False,0.14005544181528023,False
2007-12-12,26.4677,1.1028208333333334,5.256,0.208,1440,35.62360952380953,4.589245963510552,-0.2570180182805465,-11.950699999999998,0.2098213153221715,2,0,-1.9950792780794204,False,False,0.16311241964407608,False
2007-12-13,30.79576666666667,1.2831569444444446,6.1,0.216,1440,34.27823333333333,5.736709150723957,-0.10159411171520889,4.328066666666668,0.21035359744990897,3,0,-0.6070495427203566,False,False,0.18690223995912142,False
2007-12-14,32.913466666666665,1.3713944444444444,9.224,0.224,1440,32.753976190476195,4.859102901722064,0.004869347014938748,2.1176999999999957,0.14867676110629274,4,0,0.03282302915090494,False,False,0.15587947948956027,False
2007-12-15,45.6146,1.9006083333333332,8.784,0.224,1440,33.24395714285715,4.642463309961492,0.3721170378118127,12.701133333333338,0.21637162264723736,5,1,2.6646721861212654,True,False,0.05658475307994415,False
2007-12-16,46.03696666666666,1.9182069444444445,7.908,0.216,1440,34.490319047619046,6.559719983377149,0.33477937977627104,0.42236666666665457,0.24256536980835158,6,1,1.7602348344605765,False,False,0.06997009692002454,False
2007-12-17,29.9511,1.248829742876998,6.796,0.208,1439,35.65135238095238,7.856804332713126,-0.1598888120720459,-16.085866666666657,0.18375952661521455,0,0,-0.7255179255538314,False,False,0.13397150132110347,False
2007-12-18,43.7199,1.8216625,7.226,0.212,1440,35.742571428571424,7.774216706605876,0.2231884347596706,13.768800000000002,0.25209832549128147,1,0,1.0261263446194027,False,False,0.08553910489819966,False
2007-12-19,36.60086666666667,1.5250361111111113,5.892,0.214,1440,36.49992857142857,8.317584345906566,0.0027654326786028765,-7.119033333333334,0.2588316549747303,2,0,0.012135506060455555,False,False,0.1557647387947117,False
2007-12-20,32.49596666666666,1.353998611111111,5.552,0.206,1440,37.94752380952381,7.0685820205070184,-0.14366041827184922,-4.104900000000008,0.2438758305315402,3,0,-0.7712377287327729,False,False,0.17655605566995886,False
2007-12-21,33.04293333333333,1.3767888888888888,6.486,0.22,1440,38.19040952380952,6.806222660720245,-0.1347845245615142,0.5469666666666697,0.21227087401925515,4,0,-0.7562897141439503,False,False,0.18408512642131986,False
2007-12-22,43.52106666666666,1.8133777777777775,8.526,0.22,1440,38.20890476190476,6.789648888086353,0.139029420965195,10.478133333333332,0.2126879870722235,5,1,0.7823912535570189,False,False,0.0871116619428643,False
2007-12-23,40.1508,1.67295,9.686,0.228,1440,37.90982857142857,6.446505620745787,0.059113203963691255,-3.370266666666666,0.17271835639066693,6,1,0.3476257619879609,False,False,0.08263744067596512,False
2007-12-24,37.6308,1.56795,6.382,0.224,1440,37.06894761904761,5.528209809723001,0.015156955269582136,-2.519999999999996,0.24568317141961768,0,0,0.1016336934181122,False,False,0.1622717825318905,False
2007-12-25,44.916133333333335,1.8715055555555555,6.756,0.224,1440,38.16604761904762,4.5569205007677756,0.17686100959840903,7.285333333333334,0.2770138477731728,1,0,1.4812823074592645,False,False,0.09926968525159979,False
2007-12-26,43.004666666666665,1.7918611111111111,6.394,0.23,1440,38.3369380952381,4.815030333908104,0.12175538275468996,-1.9114666666666693,0.280241024571647,2,0,0.9694079263754133,False,False,0.10678313005821494,False
2007-12-27,42.2033,1.7584708333333332,7.924,0.244,1440,39.25176666666666,5.033594962920725,0.0751949169166909,-0.8013666666666666,0.22191706629648322,3,0,0.586366872002097,False,False,0.13207651922058417,False
2007-12-28,51.8842,2.1618416666666667,9.59,0.238,1440,40.63852857142857,4.115649499547043,0.27672437521465376,9.680900000000001,0.22542665971498088,4,0,2.7324171870828877,True,False,0.06173314041920286,False
2007-12-29,54.982600000000005,2.290941666666667,6.608,0.226,1440,43.3301380952381,4.466358525624438,0.2689227963952068,3.098400000000005,0.34669214083938665,5,1,2.6089401103626777,True,True,-0.029710950674606496,True
2007-12-30,42.6486,1.777025,7.364,0.22,1440,44.96750000000001,6.28048415794103,-0.051568354923000076,-12.334000000000003,0.24131246605105922,6,1,-0.3692231270208674,False,False,0.042564641563076155,False
2007-12-31,36.942366666666665,1.5392652777777778,6.158,0.226,1440,45.32432857142857,6.02705427583513,-0.1849329525434097,-5.706233333333337,0.24996188336761574,0,0,-1.3907228176737256,False,False,0.14098423571402824,False
2008-01-01,45.99563333333333,1.916484722222222,5.686,0.226,1440,45.22598095238095,6.177263379758886,0.017017925642403578,9.053266666666666,0.3370532399265252,1,0,0.12459439295956022,False,False,0.030151367923146655,False
2008-01-02,27.401766666666667,1.141740277777778,5.6,0.278,1440,45.38019523809523,6.181712034926202,-0.3961734513723785,-18.593866666666663,0.20388219246031752,2,0,-2.9083251484138724,True,False,0.11920515107017265,False
2008-01-03,25.168466666666667,1.048686111111111,5.662,0.234,1440,43.15120952380953,9.238357527174099,-0.4167378633319775,-2.2333,0.1852147847246752,3,0,-1.9465303008946833,False,False,0.17204223104118388,False
2008-01-04,38.19753333333333,1.5915638888888888,6.324,0.228,1440,40.717661904761904,11.497165802209356,-0.06189276234286538,13.029066666666665,0.2516704441633284,4,0,-0.21919563610575143,False,False,0.11859501919576804,False
2008-01-05,36.38746666666667,1.5161444444444443,5.326,0.226,1440,38.76242380952381,10.39236668442748,-0.061269572680169235,-1.810066666666664,0.28466850252430426,5,1,-0.2285289977706343,False,False,0.08085120004741653,False
2008-01-06,30.419733333333333,1.2674888888888889,6.376,0.22,1440,36.10597619047619,7.54052407476541,-0.1574875812011071,-5.967733333333335,0.19879060365258608,6,1,-0.7540912011901189,False,False,0.11972949834761021,False
2008-01-07,28.263566666666662,1.177648611111111,5.864,0.212,1440,34.35899523809524,7.1800749104064385,-0.17740415658809264,-2.156166666666671,0.20082684364104897,0,0,-0.8489366263566652,False,False,0.19770505184916864,False
2008-01-08,34.05916666666666,1.4191319444444443,7.296,0.212,1440,33.119166666666665,7.405415491832118,0.028382356641421063,5.7956,0.1945082160696881,1,0,0.1269341336805181,False,False,0.17354497169196464,False
2008-01-09,29.807333333333336,1.2419722222222225,7.54,0.214,1440,31.41395714285714,4.8950161930544285,-0.051143630272925206,-4.251833333333327,0.1647178013557324,2,0,-0.3282162399796456,False,False,0.17318110110101909,False
2008-01-10,31.56793333333333,1.3153305555555557,5.124,0.224,1440,31.757609523809524,4.644423001786586,-0.00597262178483522,1.760599999999993,0.2566999522942146,3,0,-0.040839559704883004,False,False,0.18582753708150268,False
2008-01-11,28.430300000000003,1.1845958333333333,4.692,0.222,1440,32.671819047619046,3.6558790600112934,-0.12982194353601942,-3.1376333333333264,0.25247140522875816,4,0,-1.1601912913404582,False,False,0.1818624829867655,False
2008-01-12,47.8568,1.994033333333333,8.282,0.388,1440,31.276500000000002,3.000590746281004,0.5301200581906542,19.426499999999997,0.24076712549303708,5,1,5.525678575310536,True,True,-0.002407593940449204,True
2008-01-13,48.0276,2.0025406532314105,6.922,0.218,1439,32.91497619047619,6.880084873446009,0.45914126512102976,0.17079999999999984,0.28930087449168024,6,1,2.1965752003803978,False,False,0.02259481857802692,False
2008-01-14,33.748866666666665,1.4062027777777777,8.362,0.22,1440,35.43038571428571,8.773896636991694,-0.04745980078170729,-14.278733333333335,0.16816584283398442,0,0,-0.1916502002690096,False,False,0.13116842891981623,False
2008-01-15,44.781866666666666,1.865911111111111,8.666,0.33,1440,36.214,8.256849931869162,0.23658990077502257,11.033000000000001,0.21531399851270608,1,0,1.0376677228439222,False,False,0.0918422898820691,False
2008-01-16,35.59753333333333,1.4832305555555554,5.312,0.32,1440,37.74581428571428,8.769200574229016,-0.056914415360593086,-9.184333333333335,0.27922261964524764,2,0,-0.2449802503884257,False,False,0.13499808303986688,False
2008-01-17,26.204700000000003,1.0918625,6.0,0.312,1440,38.572985714285714,8.146567942797386,-0.3206463146487789,-9.392833333333328,0.18197708333333332,3,0,-1.5182204090276896,False,False,0.16790957350512964,False
2008-01-18,36.4498,1.5187416666666669,5.55,0.23,1440,37.80680952380953,9.110378389928284,-0.03589325682070374,10.2451,0.2736471471471472,4,0,-0.14895204850214852,False,False,0.1310503049375784,False
2008-01-19,33.0051,1.3752125,6.33,0.216,1440,38.95245238095238,8.192771484168176,-0.1526823606069182,-3.4447000000000045,0.21725315955766192,5,1,-0.7259267993065749,False,False,0.12823230434265326,False
2008-01-20,29.00613333333333,1.208588888888889,5.106,0.23,1440,36.830780952380955,7.3858219336945705,-0.21244859372284894,-3.998966666666668,0.23669974322148238,6,1,-1.05941460399297,False,False,0.10285458971403294,False
2008-01-21,30.9833,1.2909708333333334,5.36,0.324,1440,34.11342857142857,5.93675724699848,-0.09175649304421384,1.977166666666669,0.24085276741293532,0,0,-0.5272455047763842,False,False,0.1816212293935442,False
2008-01-22,38.7503,1.6145958333333337,8.12,0.316,1440,33.71834761904762,6.055888270070491,0.1492348450109048,7.767000000000003,0.19884185139573077,1,0,0.8309189596217255,False,False,0.14552900911211236,False
2008-01-23,31.371800000000004,1.3071583333333334,5.306,0.22,1440,32.85669523809524,4.430287306435876,-0.0451930794419518,-7.378499999999999,0.24635475562256567,2,0,-0.33516906136948077,False,False,0.17172254872245635,False
2008-01-24,27.417033333333336,1.142376388888889,5.54,0.216,1440,32.25301904761905,4.279922497518227,-0.14993900903186022,-3.954766666666668,0.2062051243481749,3,0,-1.1299236649939168,False,False,0.19867997007449334,False
2008-01-25,37.33093333333333,1.5554555555555558,5.522,0.32,1440,32.426209523809526,4.010424945236652,0.1512580064568577,9.913899999999991,0.2816833675399413,4,0,1.2229935422053828,False,False,0.12024123634523465,False
2008-01-26,47.24979999999999,1.9687416666666664,9.666,0.322,1440,32.55208571428572,4.168476361705312,0.4515137498321368,9.918866666666666,0.20367697772260152,5,1,3.5259200269763515,True,False,0.044349551374119445,False
2008-01-27,39.6961,1.6540041666666667,10.162,0.226,1440,34.58704285714286,6.965239889828469,0.14771592830180408,-7.553699999999992,0.16276364560781997,6,1,0.7335077073681319,False,False,0.0703716503828773,False
2008-01-28,38.46993333333333,1.6029138888888887,4.816,0.318,1440,36.11418095238095,6.704703060535012,0.06523067445607043,-1.2261666666666713,0.33283095699520115,0,0,0.3513581973255055,False,False,0.08961739606964053,False
2008-01-29,44.6004,1.85835,7.962,0.328,1440,37.183699999999995,6.336860313015196,0.19946105417158613,6.1304666666666705,0.23340241145440843,1,0,1.1704061054915385,False,False,0.11128360760440298,False
2008-01-30,27.3441,1.1393375,6.134,0.314,1440,38.01942857142858,6.9354031290460165,-0.2807861394174408,-17.2563,0.18574135963482227,2,0,-1.5392513416731979,False,False,0.13679228450460268,False
2008-01-31,32.56536666666666,1.3568902777777778,6.188,0.322,1440,37.444042857142854,7.703387705171721,-0.1302924529033737,5.221266666666661,0.2192776790203261,3,0,-0.6333156758033689,False,False,0.1793788111903294,False
2008-02-01,25.57753333333333,1.0657305555555556,6.56,0.214,1440,38.179519047619046,6.7765180047326625,-0.3300718822195745,-6.987833333333331,0.16245892615176155,4,0,-1.8596550183271991,False,False,0.16979464540439487,False
2008-02-02,48.9339,2.040329395413482,8.716,0.222,1439,36.5004619047619,8.305444937073013,0.3406378288493938,23.35636666666667,0.23409010961604887,5,1,1.4970225182926646,False,True,-0.002761213602702761,False
2008-02-03,34.742799999999995,1.4476166666666668,5.5,0.216,1440,36.74104761904761,8.684463489449257,-0.05438733374634829,-14.191100000000006,0.2632030303030303,6,1,-0.2300945385371573,False,False,0.06973326801897461,False
2008-02-04,27.13563333333333,1.130651388888889,5.108,0.21,1440,36.03343333333333,8.604989538332706,-0.24693178464814616,-7.607166666666664,0.22134913643087098,0,0,-1.0340279857823076,False,False,0.17734050005854063,False
2008-02-05,41.2076,1.7169833333333335,7.706,0.216,1440,34.414247619047615,9.121010960756706,0.1973994159672518,14.071966666666668,0.22281122934509906,1,0,0.7448025674106621,False,False,0.09608650117308926,False
2008-02-06,27.825666666666663,1.1594027777777778,5.764,0.202,1440,33.929561904761904,8.562559393758434,-0.17989902891255954,-13.381933333333336,0.20114552008635977,2,0,-0.7128587326990801,False,False,0.16707802985065112,False
2008-02-07,25.30516666666667,1.0543819444444444,5.796,0.214,1440,33.99835714285714,8.502554903428775,-0.255694427811988,-2.520499999999995,0.18191544935204354,3,0,-1.0224209752159104,False,False,0.18887288652423345,False
2008-02-08,32.5094,1.3545583333333333,5.364,0.222,1440,32.96118571428571,9.126414650705634,-0.013706597760222684,7.204233333333331,0.25252765349241857,4,0,-0.049503088734937264,False,False,0.16455168809942988,False
2008-02-09,35.037933333333335,1.4599138888888887,5.912,0.21,1440,33.95145238095238,8.549561953796202,0.03200101545554192,2.5285333333333355,0.2469407795820177,5,1,0.12708030636569984,False,False,0.1266061035935453,False
2008-02-10,36.4119,1.5171625,6.726,0.216,1440,31.966314285714287,5.593021679036299,0.13907095058101346,1.373966666666668,0.225566830211121,6,1,0.7948450711265094,False,False,0.13835804754273257,False
2008-02-11,28.20026666666667,1.1750111111111112,5.864,0.216,1440,32.20475714285714,5.764080202159919,-0.12434468791138348,-8.211633333333332,0.20037706533272703,0,0,-0.694731914849121,False,False,0.19018502661434394,False
2008-02-12,33.12996666666667,1.3804152777777778,5.736,0.216,1440,32.35684761904762,5.620286627456165,0.023893521912929892,4.929699999999997,0.24065817255540062,1,0,0.13755865116241842,False,False,0.17471652804346982,False
2008-02-13,31.674966666666663,1.319790277777778,5.484,0.22,1440,31.2029,4.1325226405690225,0.015128935665167759,-1.4550000000000054,0.24066197625415353,2,0,0.11423208236837692,False,False,0.1844428347016851,False
2008-02-14,26.7437,1.1143208333333334,5.564,0.21,1440,31.752800000000004,3.855015610190903,-0.1577530170567636,-4.931266666666662,0.2002733345315121,3,0,-1.299372170311899,False,False,0.19892576245413057,False
2008-02-15,33.42013333333333,1.3925055555555557,6.916,0.208,1440,31.958304761904763,3.4734793768310417,0.04574174325952081,6.676433333333332,0.20134551121393227,4,0,0.42085425385834263,False,False,0.1748625030956048,False
2008-02-16,39.11579999999999,1.629825,4.92,0.242,1440,32.088409523809524,3.51437761097004,0.2190008972235337,5.695666666666661,0.33126524390243905,5,1,1.999611667868202,False,False,0.0393365905128783,False
2008-02-17,32.2228,1.3426166666666666,6.116,0.22,1440,32.6709619047619,4.328472694861248,-0.013717438319334647,-6.892999999999994,0.21952528885982123,6,1,-0.10353811525574831,False,False,0.12814190338470233,False
2008-02-18,25.240066666666667,1.0516694444444443,5.916,0.218,1440,32.072519047619046,4.0023607514518975,-0.21303136092328853,-6.982733333333332,0.17776697843888511,0,0,-1.7071055822426393,False,False,0.1823603511548012,False
2008-02-19,35.4486,1.477025,5.718,0.234,1440,31.64963333333333,4.592559022544651,0.12003193296604812,10.208533333333332,0.25831147254284714,1,0,0.8272004013487304,False,False,0.13903347097743257,False
2008-02-20,37.56316666666667,1.5651319444444445,8.136,0.224,1440,31.980866666666664,4.796219736456106,0.1745512420968372,2.1145666666666685,0.1923711829454824,2,0,1.1638957985116685,False,False,0.15360798474378212,False
2008-02-21,27.230833333333333,1.1346180555555554,5.246,0.214,1440,32.82203809523809,5.230325920955466,-0.17034910341889908,-10.332333333333334,0.21628251154318628,3,0,-1.0689973906795025,False,False,0.17592269540109506,False
2008-02-22,28.876066666666663,1.2031694444444443,6.686,0.222,1440,32.89162857142857,5.1384065669784045,-0.12208461785470964,1.64523333333333,0.1799535513677003,4,0,-0.7814799884788453,False,False,0.18858571628462345,False
2008-02-23,30.566166666666668,1.2753616133518777,7.694,0.216,1438,32.24247619047619,5.3434533265349895,-0.05199071913417964,1.6901000000000046,0.1657605424164125,5,1,-0.31371276614042026,False,False,0.12326440345466583,False
2008-02-24,21.05013333333333,0.8770888888888889,4.94,0.202,1440,31.021099999999997,4.4053012677069034,-0.32142530943991887,-9.516033333333336,0.17754835807467387,6,1,-2.2634017654499403,False,False,0.09695534336215544,False
2008-02-25,8.408133333333334,0.3503388888888888,1.5,0.204,1440,29.425004761904763,5.723977767104602,-0.7142520994858438,-12.641999999999998,0.23355925925925922,0,0,-3.6717248535370417,True,False,0.027918973543095804,False
2008-02-26,8.451999999999998,0.3521666666666667,1.454,0.202,1440,27.020442857142857,9.834507960723043,-0.6871997974020729,0.0438666666666645,0.24220541036221918,1,0,-1.8880906834689968,False,False,0.055978946250678896,False
2008-02-27,9.445333333333334,0.3935555555555555,1.52,0.204,1440,23.163785714285716,11.179906738345208,-0.5922370613406189,0.9933333333333358,0.2589181286549707,2,0,-1.2270632217262052,False,False,0.058054842679224006,False
2008-02-28,8.4864,0.3535999999999999,1.442,0.204,1440,19.146952380952378,10.147668055525562,-0.5567754162044936,-0.9589333333333343,0.24521497919556168,3,0,-1.0505420873663227,False,False,0.06367899276180844,False
2008-02-29,22.222466666666666,0.9259361111111112,3.88,0.204,1440,16.46917619047619,10.132092991427442,0.34933687087017096,13.736066666666666,0.2386433276059565,4,0,0.5678284319990171,False,False,0.07910025987320796,False
2008-03-01,19.031266666666667,0.7929694444444444,4.038,0.478,1440,15.518661904761903,9.025897263664968,0.2263471414907829,-3.1911999999999985,0.1963767816851026,5,1,0.3891695927057861,False,False,0.11804390395494185,False
2008-03-02,19.37043333333333,0.8071013888888889,5.13,0.204,1440,13.870819047619047,6.528198048547569,0.39648807087987376,0.33916666666666373,0.1573297054364306,6,1,0.8424398654599441,False,False,0.09043565763840439,False
2008-03-03,17.3425,0.7226041666666666,2.92,0.488,1440,13.630861904761904,6.245056261183404,0.27229665454548013,-2.02793333333333,0.2474671803652968,0,0,0.5943322109534946,False,False,0.1372660160238316,False
2008-03-04,27.8165,1.1590208333333334,6.606,0.218,1440,14.907200000000001,5.903395312837489,0.8659775142213157,10.474,0.17544971742860027,1,0,2.1867585204615234,False,False,0.047915078546329926,False
2008-03-05,33.95346666666667,1.4147277777777778,8.336,0.21,1440,17.673557142857142,6.837540418831556,0.9211450412736599,6.13696666666667,0.16971302516528045,2,0,2.3809598958965346,False,False,0.04937298328622608,False
2008-03-06,41.72013333333334,1.7383388888888889,6.924,0.22,1440,21.174719047619046,8.08328108026321,0.9702803725286964,7.766666666666666,0.25105992040567426,3,0,2.5417171667925325,True,False,0.019992278486301918,False
2008-03-07,31.049266666666668,1.2937194444444444,6.686,0.208,1440,25.92239523809524,9.086383600250464,0.19777768919428548,-10.670866666666669,0.19349677601621962,4,0,0.5642367364316543,False,False,0.14096319985849093,False
2008-03-08,37.47766666666667,1.5615694444444443,7.224,0.26,1440,27.183366666666668,9.099809505250802,0.3786984933188311,6.4284000000000034,0.2161640980681678,5,1,1.1312654395743067,False,False,0.12117927529846406,False
2008-03-09,26.00763333333333,1.083651388888889,5.83,0.246,1440,29.818566666666666,9.016144066720132,-0.12780404155352879,-11.47003333333334,0.18587502382313706,6,1,-0.4226788419896739,False,False,0.11383136278236694,False
2008-03-10,26.9781,1.1240875,5.38,0.218,1440,30.766738095238093,8.029234524592004,-0.12314071395902955,0.9704666666666704,0.2089381970260223,0,0,-0.47185545317355226,False,False,0.20174417199177286,False
2008-03-11,36.667366666666666,1.5278069444444444,8.662,0.216,1440,32.14325238095238,5.883475608756831,0.14074849153706695,9.689266666666665,0.1763803907232099,1,0,0.7689526712715006,False,False,0.13271239746594643,False
2008-03-12,29.57053333333333,1.2321055555555556,5.696,0.212,1440,33.4076619047619,5.748150647959802,-0.11485774078914605,-7.096833333333336,0.2163106663545568,2,0,-0.6675414070420177,False,False,0.18125578236239337,False
2008-03-13,27.92523333333333,1.1635513888888889,7.778,0.202,1440,32.781528571428574,5.915076322522844,-0.1481412078608149,-1.6452999999999989,0.14959519013742464,3,0,-0.8210029716106825,False,False,0.17229644537691208,False
2008-03-14,36.837,1.5348749999999998,6.096,0.212,1440,30.81082857142857,4.590354131720541,0.1955861529202629,8.911766666666672,0.25178395669291337,4,0,1.3127900932368208,False,False,0.13996066679604685,False
2008-03-15,26.27166666666667,1.0946527777777777,5.094,0.22,1440,31.63764761904762,5.129986801905584,-0.1696074568183234,-10.565333333333335,0.2148906120490337,5,1,-1.0460028767301515,False,False,0.11596139739809619,False
2008-03-16,30.032666666666664,1.2513611111111111,6.728,0.22,1440,30.03679047619048,4.737251514824783,-0.00013729194958708472,3.7609999999999957,0.18599303078345886,6,1,-0.0008705067718929205,False,False,0.13133635199218774,False
2008-03-17,28.448633333333333,1.1853597222222223,5.844,0.216,1440,30.611795238095237,4.398878794244698,-0.07066432686933463,-1.5840333333333305,0.20283362803255,0,0,-0.49175301387983006,False,False,0.2010411680760803,False
2008-03-18,31.959433333333337,1.3316430555555556,6.766,0.216,1440,30.821871428571427,4.228226818674631,0.03690761955834409,3.5108000000000033,0.1968139307649358,1,0,0.2690399435852609,False,False,0.18401995156643797,False
2008-03-19,21.807466666666663,0.9086444444444444,4.518,0.214,1440,30.149309523809528,3.445414055411659,-0.27668437482971675,-10.151966666666674,0.2011165215680488,2,0,-2.4211437937453297,False,False,0.17348711574958375,False
2008-03-20,20.8879,0.8703291666666667,4.492,0.216,1440,29.040300000000002,4.688057763912317,-0.28072712747457856,-0.9195666666666646,0.19375092757494808,3,0,-1.7389717470538577,False,False,0.18696276951642704,False
2008-03-21,34.44070000000001,1.4350291666666666,8.126,0.216,1440,28.034966666666666,5.627472788291722,0.22849084892794622,13.552800000000008,0.1765972393141357,4,0,1.1382966340878333,False,False,0.10807544292406857,False
2008-03-22,34.22526666666667,1.4260527777777778,6.086,0.216,1440,27.692638095238095,5.045592246022519,0.23589766164430165,-0.21543333333333692,0.23431692043670355,5,1,1.2947198768545554,False,False,0.1372005492084823,False
2008-03-23,38.7665,1.6152708333333332,7.564,0.222,1440,28.828866666666666,5.543268821499478,0.344711203816545,4.541233333333331,0.2135471752159351,6,1,1.7927388429712061,False,False,0.11306222527227128,False
2008-03-24,32.91113333333333,1.3722501737317585,6.978,0.216,1439,30.076557142857148,6.717852788423689,0.09424536781296343,-5.855366666666669,0.19665379388531937,0,0,0.4219467558682994,False,False,0.17153926182660928,False
2008-03-25,33.5976,1.3999,6.62,0.22,1440,30.714057142857143,6.749285382191601,0.09388348936550223,0.6864666666666679,0.21146525679758307,1,0,0.427236765650962,False,False,0.18153896305820294,False
2008-03-26,27.224533333333333,1.1343555555555556,5.528,0.218,1440,30.948080952380955,6.8276106920210085,-0.12031594543057297,-6.373066666666666,0.20520180093262583,2,0,-0.5453661298232915,False,False,0.1932255976681429,False
2008-03-27,22.847033333333336,0.9519597222222222,4.754,0.214,1440,31.721947619047622,5.856897594538482,-0.2797720490650232,-4.377499999999998,0.20024394661805267,3,0,-1.5152927198163897,False,False,0.1902017238192938,False
2008-03-28,31.42373333333333,1.3093222222222225,5.33,0.208,1440,32.00182380952381,5.270336763283089,-0.018064297823502207,8.576699999999995,0.24565144882218057,4,0,-0.10968757826214659,False,False,0.16326765008987176,False
2008-03-29,41.185833333333335,1.716076388888889,6.94,0.218,1440,31.57082857142857,5.159852563298116,0.30455345003540046,9.762100000000004,0.2472732548831252,5,1,1.8634262595594338,False,False,0.10430504878046121,False
2008-03-30,35.7732,1.4905499999999998,5.634,0.21,1440,32.565195238095235,6.301129400689476,0.0985102265916096,-5.412633333333332,0.2645633652822151,6,1,0.5091158358934423,False,False,0.10253001349261698,False
2008-03-31,22.9595,0.9566458333333332,5.914,0.224,1440,32.13758095238095,5.898877383400343,-0.2855871749021914,-12.813700000000004,0.16175952541990754,0,0,-1.5559029889667495,False,False,0.156644579826965,False
2008-04-01,35.4842,1.4785083333333335,6.32,0.228,1440,30.71591904761905,6.810181776680357,0.1552381012916677,12.524700000000003,0.23394119198312238,1,0,0.7001694093847322,False,False,0.12820595513058913,False
2008-04-02,28.19453333333333,1.1747722222222223,5.322,0.22,1440,30.985433333333336,6.978483687577009,-0.09007135611034456,-7.2896666666666725,0.22073886174788093,2,0,-0.39992928620988616,False,False,0.18299361719991147,False
2008-04-03,18.8126,0.7838583333333334,6.066,0.21,1440,31.12400476190476,6.900552480067039,-0.3955597891751291,-9.381933333333329,0.12922161776019345,3,0,-1.7841187060699168,False,False,0.12571288136895598,False
2008-04-04,27.198633333333333,1.1332763888888888,5.458,0.21,1440,30.54765714285714,7.814974326222991,-0.10963275493966641,8.386033333333334,0.20763583526729365,4,0,-0.4285393233201322,False,False,0.1770883217700791,False
2008-04-05,32.84603333333334,1.3685847222222225,5.354,0.21,1440,29.944071428571426,7.898746559855312,0.09691273652229458,5.647400000000005,0.25561911136014615,5,1,0.36739524211485386,False,False,0.12244339835822504,False
2008-04-06,28.271966666666668,1.1779986111111111,6.16,0.252,1440,28.75267142857143,6.40896920669633,-0.016718612150489996,-4.5740666666666705,0.19123354076479077,6,1,-0.07500500414364647,False,False,0.13816676420232876,False
2008-04-07,25.6473,1.0686375,5.228,0.258,1440,27.68106666666667,5.61774296374154,-0.0734713980193442,-2.6246666666666663,0.2044065608263198,0,0,-0.36202558212313357,False,False,0.20479526684741994,False
2008-04-08,44.29193333333333,1.8454972222222223,6.768,0.254,1440,28.065038095238098,5.325492038315296,0.578188961761948,18.64463333333333,0.27267984961912267,1,0,3.0470227204073645,True,False,0.011879617764937178,False
2008-04-09,20.3142,0.8464250000000001,6.398,0.248,1440,29.32328571428571,7.824651737767967,-0.3072331594101225,-23.977733333333333,0.132295248515161,2,0,-1.151372101431777,False,False,0.07391351996798345,False
2008-04-10,24.6291,1.0262125,6.382,0.246,1440,28.197523809523812,8.547604082533706,-0.12655096361044876,4.3149000000000015,0.1607979473519273,3,0,-0.4174764969303595,False,False,0.18451338770703646,False
2008-04-11,31.2944,1.3039333333333334,6.082,0.248,1440,29.028452380952384,7.726501697065929,0.0780595392861682,6.6652999999999984,0.21439219554970954,4,0,0.29326954265836624,False,False,0.17931289147543422,False
2008-04-12,46.6669,1.9444541666666668,9.482,0.252,1440,29.613561904761905,7.719917741680129,0.5758624426903503,15.372499999999999,0.20506793573788937,5,1,2.2090051559962194,False,False,0.0173242859274515,False
2008-04-13,37.21643333333333,1.5506847222222222,6.342,0.252,1440,31.58797142857143,10.08846038393904,0.1781837088680831,-9.45046666666667,0.24451036301201864,6,1,0.5579108893288101,False,False,0.08916523953853417,False
2008-04-14,26.493033333333333,1.1038763888888887,6.89,0.266,1440,32.86575238095238,10.164618571351246,-0.19390151102435765,-10.723399999999994,0.16021427995484597,0,0,-0.6269511249128831,False,False,0.17220802425174575,False
2008-04-15,27.8401,1.1600041666666667,7.394,0.26,1440,32.98657142857142,10.06909576206894,-0.15601716715893035,1.3470666666666666,0.1568845234875124,1,0,-0.5111155510069313,False,False,0.1801747953237116,False
2008-04-16,24.817733333333333,1.0340722222222225,4.48,0.252,1440,30.636309523809523,8.834864458637009,-0.1899241873749247,-3.0223666666666666,0.2308196924603175,2,0,-0.6585925814388607,False,False,0.18791221728368002,False
2008-04-17,23.264366666666668,0.9693486111111111,5.736,0.252,1440,31.27967142857143,8.09054450263072,-0.2562464500373055,-1.5533666666666655,0.1689938303889664,3,0,-0.9907002871436534,False,False,0.1871290308802615,False
2008-04-18,31.03983333333333,1.293326388888889,8.244,0.254,1440,31.084709523809522,8.291465503594775,-0.001443674113853901,7.775466666666663,0.1568809302388269,4,0,-0.0054123351845021235,False,False,0.150842789481046,False
2008-04-19,37.561833333333325,1.565076388888889,5.354,0.26,1440,31.048342857142853,8.29095076191877,0.20978544671964694,6.521999999999995,0.29231908645664717,5,1,0.7856144202553507,False,False,0.0880276959143837,False
2008-04-20,29.856966666666672,1.2440402777777777,8.268,0.25,1440,29.747619047619047,5.760240752744403,0.0036758444053147593,-7.704866666666653,0.1504644748158899,6,1,0.018983168194059905,False,False,0.10052066835715201,False
2008-04-21,19.4026,0.8084416666666666,4.152,0.248,1440,28.696266666666666,4.753483256907981,-0.32386326676640864,-10.454366666666672,0.1947113840719332,0,0,-1.9551276746711332,False,False,0.16983885633462398,False
2008-04-22,27.12793333333333,1.1303305555555556,5.808,0.248,1440,27.68334761904762,5.914806089425378,-0.020063118570679432,7.725333333333332,0.1946161424854607,1,0,-0.09390236591310586,False,False,0.18378032510920794,False
2008-04-23,22.62213333333333,0.9425888888888888,4.678,0.252,1440,27.581609523809522,5.917784575507738,-0.17981097826053183,-4.505800000000001,0.20149399078428576,2,0,-0.838062982387404,False,False,0.20010093528012418,False
2008-04-24,17.3962,0.7248416666666666,4.08,0.244,1440,27.26795238095238,6.1426076514439405,-0.36202763753717515,-5.22593333333333,0.17765727124183003,3,0,-1.6070947293258802,False,False,0.17355821695662127,False
2008-04-25,21.1289,0.8803708333333333,5.438,0.244,1440,26.429642857142856,7.105083028516796,-0.20056051781684517,3.7327000000000012,0.16189239303665565,4,0,-0.7460493896929727,False,False,0.17649209854274223,False
2008-04-26,15.052766666666669,0.6271986111111112,4.078,0.242,1440,25.013795238095238,7.020266807619199,-0.39822140049576443,-6.076133333333333,0.15380054220478448,5,1,-1.4188960112766251,False,False,0.06856173378285679,False
2008-04-27,16.804000000000002,0.7001666666666667,3.734,0.246,1440,21.798214285714288,5.245537475369336,-0.22911116572458423,1.7512333333333334,0.18751115872165686,6,1,-0.9520881909937448,False,False,0.1050347169819516,False
2008-04-28,10.9842,0.457675,1.984,0.246,1440,19.933504761904764,4.0978180285336165,-0.44895791627210097,-5.8198000000000025,0.23068296370967742,0,0,-2.18391951511503,False,False,0.09551532638283777,False
2008-04-29,32.87693333333333,1.3698722222222222,8.264,0.24,1440,18.730876190476188,5.329738315329925,0.7552266641989644,21.892733333333325,0.16576382166290202,1,0,2.6541748029483623,True,True,-0.007612060249370889,True
2008-04-30,18.3621,0.7650874999999999,5.038,0.242,1440,19.552161904761906,7.015642706558412,-0.060866000934253026,-14.514833333333325,0.15186333862643903,2,0,-0.16962977656336498,False,False,0.14252200617387667,False
2008-05-01,9.600233333333332,0.4000097222222222,1.5,0.24,1440,18.943585714285717,6.888570526896187,-0.49321984348012776,-8.76186666666667,0.26667314814814813,3,0,-1.3563557699629534,False,False,0.05136768466539865,False
2008-05-02,24.9628,1.0401166666666666,5.85,0.24,1440,17.82987619047619,7.756027895192682,0.4000545900219909,15.36256666666667,0.1777977207977208,4,0,0.9196619591769283,False,False,0.08253401419527073,False
2008-05-03,21.49333333333333,0.8955555555555554,5.166,0.246,1440,18.37757619047619,8.153026321686818,0.1695412447519503,-3.4694666666666727,0.17335570181098633,5,1,0.3821595834382765,False,False,0.11903301596703209,False
2008-05-04,24.516166666666663,1.0215069444444445,6.576,0.248,1440,19.29765714285714,8.078353490489457,0.27042192143729266,3.0228333333333346,0.1553386472695323,6,1,0.6459867756410026,False,False,0.118003215191194,False
2008-05-05,22.7822,0.9492583333333332,5.858,0.252,1440,20.399395238095234,8.20646593236389,0.11680761777951885,-1.7339666666666638,0.16204478206441333,0,0,0.2903569918578085,False,False,0.16559970492668147,False
2008-05-06,29.833,1.2430416666666666,7.294,0.25,1440,22.08482380952381,7.085474219256424,0.3508371294832282,7.050799999999999,0.1704197513938397,1,0,1.0935296566909687,False,False,0.14005939582293814,False
2008-05-07,19.6044,0.81685,5.404,0.252,1440,21.64997619047619,6.370042237074873,-0.09448399261409063,-10.2286,0.15115655070318282,2,0,-0.321124431258955,False,False,0.16066405648518406,False
2008-05-08,35.2783,1.4699291666666665,4.718,0.25,1440,21.827447619047614,6.279840867996254,0.6162356962531234,15.673900000000003,0.31155768687296875,3,0,2.14190974957686,False,False,0.011154406519332194,False
2008-05-09,29.1212,1.2133833333333333,5.32,0.25,1440,25.495742857142854,5.3827554726909375,0.14219852950240452,-6.1571,0.22807957393483708,4,0,0.6735318297943628,False,False,0.16601219665301925,False
2008-05-10,31.818800000000003,1.325783333333333,6.902,0.248,1440,26.089799999999997,5.54126825217781,0.21958773160392211,2.6976000000000013,0.1920868347338935,5,1,1.0338788413191176,False,False,0.1410782083036703,False
2008-05-11,26.848666666666663,1.1186944444444444,4.198,0.158,1440,27.564866666666667,5.487821464236455,-0.025982349512543895,-4.97013333333334,0.26648271663755224,6,1,-0.13050716111436986,False,False,0.10529923155091114,False
2008-05-12,25.4034,1.058475,5.604,0.16,1440,27.89808095238095,5.340696817341618,-0.08942123856616174,-1.4452666666666616,0.18887847965738758,0,0,-0.4671077647172454,False,False,0.20119680163030995,False
2008-05-13,24.6149,1.0256208333333334,6.748,0.156,1440,28.272538095238097,5.003464183958918,-0.12937070180671714,-0.7885000000000026,0.15198886089705593,1,0,-0.7310211407057672,False,False,0.17945263241410842,False
2008-05-14,26.404366666666668,1.1001819444444445,4.332,0.162,1440,27.52709523809524,5.119593127512268,-0.04078630751692269,1.7894666666666694,0.25396628449779424,2,0,-0.21930035131016964,False,False,0.19003965235847592,False
2008-05-15,19.379466666666666,0.8074777777777778,4.106,0.158,1440,28.498519047619048,3.8545897497447,-0.3199833775823606,-7.024900000000002,0.1966580072522596,3,0,-2.365764704676123,False,False,0.1766557303600399,False
2008-05-16,27.467166666666664,1.14605702364395,6.542,0.154,1438,26.227257142857145,3.877895583026733,0.04727560785544065,8.087699999999998,0.1751845037670361,4,0,0.3197377281731135,False,False,0.1668771710702046,False
2008-05-17,27.624233333333336,1.1510097222222222,5.9,0.164,1440,25.99096666666667,3.719320792833165,0.06283978151383368,0.15706666666667246,0.1950863935969868,5,1,0.4391303567613319,False,False,0.14838522664165238,False
2008-05-18,30.065966666666668,1.2527486111111112,7.782,0.16,1440,25.391742857142855,2.8632882433209175,0.18408440239102866,2.4417333333333318,0.16098028927153832,6,1,1.6324670841041573,False,False,0.12888140793898228,False
2008-05-19,17.171033333333334,0.7154597222222222,4.388,0.154,1440,25.851357142857147,3.3525498151748088,-0.33577826346042444,-12.894933333333334,0.16304916185556567,0,0,-2.5891707172354734,True,False,0.13965131105408923,False
2008-05-20,26.355566666666668,1.0981486111111112,8.944,0.158,1440,24.675304761904762,4.706435363707074,0.06809487951516598,9.184533333333334,0.12278047977539257,1,0,0.35701370037268076,False,False,0.12059888884878595,False
2008-05-21,22.06853333333333,0.9195222222222222,4.98,0.154,1440,24.92397142857143,4.748508336872234,-0.11456593518498367,-4.287033333333337,0.18464301651048637,2,0,-0.6013337015891038,False,False,0.19731722229980092,False
2008-05-22,16.281133333333333,0.6783805555555555,3.994,0.152,1440,24.304566666666666,4.805661754523525,-0.330120402612952,-5.787399999999998,0.16984991375952818,3,0,-1.6695792885924503,False,False,0.15600162790305866,False
2008-05-23,24.748600000000003,1.0311916666666667,5.196,0.152,1440,23.861947619047616,5.436202726299842,0.03715758642620706,8.46746666666667,0.19845875032075957,4,0,0.16310141942699194,False,False,0.17574820887356674,False
2008-05-24,26.336266666666667,1.0973444444444445,6.052,0.156,1440,23.473580952380953,5.2288709405483855,0.12195351531975561,1.5876666666666637,0.1813193067489168,5,1,0.5474768352162629,False,False,0.1401707715453383,False
2008-05-25,34.141733333333335,1.422572222222222,6.538,0.172,1440,23.289585714285714,5.078986487729711,0.4659656789167773,7.805466666666668,0.2175852282383331,6,1,2.1366758201198706,False,False,0.11171197837995495,False
2008-05-26,21.495166666666663,0.8956319444444445,4.828,0.17,1440,23.871838095238097,6.113554159177544,-0.0995596325297434,-12.646566666666672,0.18550785924698518,0,0,-0.38875445717670193,False,False,0.1717098904794166,False
2008-05-27,28.47833333333333,1.1865972222222223,7.044,0.16,1440,24.489571428571427,5.512559721031397,0.1628759374738713,6.983166666666669,0.16845502870843587,1,0,0.7235770869826712,False,False,0.16356023968853495,False
2008-05-28,18.572866666666663,0.7738694444444445,4.686,0.156,1440,24.792823809523806,5.6879175645403395,-0.2508773179950497,-9.905466666666669,0.16514499454640302,2,0,-1.0935385529554171,False,False,0.1695391209271747,False
2008-05-29,18.91793333333333,0.7882472222222222,4.576,0.158,1440,24.293442857142853,6.105119112094243,-0.22127409257798938,0.34506666666666774,0.17225682303807305,3,0,-0.8804921615961,False,False,0.18413346459198998,False
2008-05-30,23.2874,0.9703083333333332,6.216,0.158,1440,24.67012857142857,5.587793692221165,-0.0560486974125445,4.369466666666671,0.1560985092235092,4,0,-0.2474551938725801,False,False,0.18221933399479212,False
2008-05-31,27.35783333333333,1.1399097222222223,6.044,0.156,1440,24.46138571428571,5.61161586288129,0.11840897538997804,4.070433333333327,0.18860187329950734,5,1,0.5161521547129623,False,False,0.1397293562291096,False
2008-06-01,30.8146,1.2839416666666668,4.954,0.16,1440,24.60732380952381,5.681351662618665,0.2522532006537736,3.4567666666666703,0.25917272237922223,6,1,1.092570317609087,False,False,0.12318787978195794,False
2008-06-02,17.9002,0.7458416666666666,4.454,0.154,1440,24.132019047619046,4.825461130060641,-0.2582386096796115,-12.914399999999997,0.16745434815147434,0,0,-1.2914452898184945,False,False,0.1527459820854376,False
2008-06-03,26.630266666666667,1.1095944444444443,6.758,0.148,1440,23.61845238095238,5.318940587214595,0.1275195443433555,8.730066666666666,0.1641897668606754,1,0,0.5662432652385584,False,False,0.1613258744442706,False
2008-06-04,26.48186666666667,1.1034111111111111,5.672,0.154,1440,23.354442857142853,5.07791704411686,0.13391130024612455,-0.14839999999999876,0.19453651465287575,2,0,0.6158871408006096,False,False,0.19118826855480592,False
2008-06-05,18.66796666666667,0.7778319444444445,4.304,0.146,1440,24.4843,4.702706981405942,-0.2375535887623225,-7.8139,0.18072303541924825,3,0,-1.2368053881159433,False,False,0.1788360410014499,False
2008-06-06,20.295233333333336,0.8456347222222221,5.964,0.156,1440,24.448590476190475,4.752702513725162,-0.16988125130984263,1.6272666666666673,0.14178985952753556,4,0,-0.8738937753547178,False,False,0.16661199887062117,False
2008-06-07,31.37473333333333,1.3072805555555556,6.022,0.226,1440,24.021138095238097,5.002534200650555,0.30613017621979355,11.079499999999996,0.2170841174951105,5,1,1.4699740058026862,False,False,0.1106904623509351,False
2008-06-08,25.705366666666663,1.0710569444444444,7.578,0.152,1440,24.594980952380954,5.638984084227452,0.0451468418062839,-5.669366666666669,0.14133768071317557,6,1,0.19691236891260583,False,False,0.1062067714998044,False
2008-06-09,22.094966666666664,0.9206236111111112,6.014,0.158,1440,23.865090476190478,4.993478473625585,-0.07417209715964897,-3.6103999999999985,0.15308008166130882,0,0,-0.35448712132698756,False,False,0.18459037199250428,False
2008-06-10,17.78483333333333,0.7410347222222222,4.378,0.154,1440,24.46434285714286,4.371282412803821,-0.2730304084934499,-4.310133333333333,0.1692632988173189,1,0,-1.528043464829619,False,False,0.17785361692739005,False
2008-06-11,18.7201,0.7800041666666666,4.32,0.152,1440,23.200709523809525,4.888692680004041,-0.19312381456314257,0.9352666666666671,0.18055652006172837,2,0,-0.9165250951724424,False,False,0.188755838652008,False
2008-06-12,20.988866666666667,0.8745361111111112,4.816,0.166,1440,22.091885714285713,4.900668909137352,-0.049928696078025574,2.268766666666668,0.18158972406792176,3,0,-0.22507520260396596,False,False,0.19065458981389188,False
2008-06-13,31.238,1.3024878387769283,5.486,0.154,1439,22.423442857142856,4.70501953491902,0.3930956186796854,10.249133333333333,0.23742031330239308,4,0,1.8734368853175982,False,False,0.12081536463270642,False
2008-06-14,23.082,0.96175,5.58,0.248,1440,23.986695238095233,5.610764783660725,-0.03771654365535158,-8.155999999999999,0.17235663082437275,5,1,-0.16124276689156933,False,False,0.11950199914968018,False
2008-06-15,38.1517,1.5896541666666666,6.252,0.154,1440,22.802019047619044,4.569741998344096,0.6731720081596786,15.069699999999997,0.2542633024098955,6,1,3.3589819639583824,True,False,0.03093555803763881,False
2008-06-16,21.7174,0.9048916666666668,5.29,0.146,1440,24.580066666666664,7.420111816118739,-0.11646293337962181,-16.434299999999997,0.17105702583490864,0,0,-0.385798319163881,False,False,0.1438938462898004,False
2008-06-17,19.08473333333333,0.7951972222222222,4.524,0.088,1440,24.52612857142857,7.442525662141948,-0.22186115604213746,-2.6326666666666725,0.1757730376264859,1,0,-0.7311221331454857,False,False,0.18723691382416935,False
2008-06-18,31.56013333333333,1.3150055555555555,5.906,0.136,1440,24.711828571428573,7.260273853993028,0.27712658907899107,12.4754,0.22265586785566469,2,0,0.9432570863891456,False,False,0.11973310364043016,False
2008-06-19,26.46803333333333,1.102834722222222,7.52,0.136,1440,26.546119047619047,7.114721528759932,-0.002941511493474604,-5.0920999999999985,0.1466535534869976,3,0,-0.010975231282077539,False,False,0.1683337540462419,False
2008-06-20,27.935066666666668,1.1639611111111112,5.992,0.134,1440,27.328857142857142,6.690165237917222,0.02218202980975984,1.4670333333333367,0.19425252188102657,4,0,0.09061204054778325,False,False,0.19381498458441582,False
2008-06-21,28.90423333333333,1.2043430555555554,6.368,0.136,1440,26.857009523809523,6.481736860130112,0.07622679687062267,0.9691666666666627,0.189124223548297,5,1,0.3158449430609424,False,False,0.14918047613435242,False
2008-06-22,26.10693333333333,1.087788888888889,4.922,0.134,1440,27.688757142857146,6.287226151129829,-0.05712874006451667,-2.7973,0.22100546300058696,6,1,-0.2515932736473234,False,False,0.1417581769995519,False
2008-06-23,20.863266666666668,0.8693027777777778,5.662,0.132,1440,25.968076190476186,4.271593551319357,-0.1965801966370428,-5.2436666666666625,0.15353281133482474,0,0,-1.1950597505309952,False,False,0.1815222039605438,False
2008-06-24,29.240866666666665,1.2183694444444444,5.798,0.134,1440,25.84605714285714,4.422775909393349,0.13134728848758734,8.377599999999997,0.210136158062167,1,0,0.7675743906896639,False,False,0.1677013954244322,False
2008-06-25,21.0295,0.8762291666666666,4.542,0.132,1440,27.29693333333333,3.3773663426142133,-0.22960210426568065,-8.211366666666667,0.19291703361221194,2,0,-1.8557161698017324,False,False,0.186334877614437,False
2008-06-26,17.60033333333333,0.7333472222222223,5.428,0.132,1440,25.792557142857138,3.50484029031796,-0.3176196824591516,-3.429166666666667,0.13510449930402033,3,0,-2.3374028859901648,False,False,0.1623538782945007,False
2008-06-27,29.25253333333333,1.2188555555555556,6.366,0.132,1440,24.525742857142856,4.6390725830316715,0.1927277189409921,11.652199999999997,0.19146332949348974,4,0,1.0189084976768088,False,False,0.12855142689377624,False
2008-06-28,20.14666666666667,0.8394444444444444,4.22,0.124,1440,24.713952380952378,4.823502637735839,-0.18480596077403724,-9.10586666666666,0.19892048446550817,5,1,-0.9468815624882921,False,False,0.1061819735412336,False
2008-06-29,12.4892,0.5203833333333333,3.09,0.136,1440,23.46287142857143,4.689390252965138,-0.4677036850318527,-7.657466666666668,0.16840884573894283,6,1,-2.340106247636927,False,False,0.04672273963345275,False
2008-06-30,13.403266666666669,0.5584694444444445,4.166,0.136,1440,21.517480952380954,6.039879664911803,-0.3770987088902909,0.9140666666666686,0.13405411532511868,0,0,-1.3434397265980584,False,False,0.12247748107625567,False
2008-07-01,20.254,0.8439166666666666,4.622,0.134,1440,20.451766666666664,6.786544613806542,-0.00966990626726605,6.8507333333333325,0.18258690321650078,1,0,-0.0291409955906466,False,False,0.17305163564449855,False
2008-07-02,19.12003333333333,0.7966680555555555,4.842,0.136,1440,19.167928571428572,5.591604984737868,-0.002498717475744117,-1.133966666666673,0.16453284914406352,2,0,-0.008565561806667723,False,False,0.18191092256147273,False
2008-07-03,18.306,0.7627499999999999,7.126,0.134,1440,18.895147619047616,5.531911325306984,-0.031179836798613518,-0.8140333333333274,0.10703760875666572,3,0,-0.10649983060148234,False,False,0.12925913116419308,False
2008-07-04,15.700333333333331,0.6541805555555555,3.454,0.14,1440,18.995957142857144,5.5107723358930185,-0.17349080042344864,-2.6056666666666697,0.18939796049668658,4,0,-0.5980330176332276,False,False,0.18364472001141485,False
2008-07-05,24.4848,1.0202,5.904,0.136,1440,17.05992857142857,3.2051522367745755,0.4352228907339254,8.784466666666669,0.17279810298102982,5,1,2.316542516571151,False,False,0.09689334257842003,False
2008-07-06,30.0844,1.2535166666666666,6.302,0.138,1440,17.679661904761904,4.174331942489267,0.7016388753394067,5.599599999999999,0.19890775415212103,6,1,2.9716702615271213,True,False,0.0771860452261307,False
2008-07-07,16.389833333333332,0.6829097222222222,4.052,0.136,1440,20.193261904761904,5.586585431537215,-0.18835137133202146,-13.694566666666667,0.16853645661950206,0,0,-0.680814536542765,False,False,0.14428667545519402,False
2008-07-08,18.770233333333334,0.7820930555555555,4.562,0.136,1440,20.619914285714284,5.071939610717315,-0.08970361984784926,2.3804000000000016,0.17143644356763602,1,0,-0.3646890724945665,False,False,0.18796579222563237,False
2008-07-09,15.321966666666668,0.6384152777777777,4.298,0.136,1440,20.407947619047622,5.120552473045049,-0.2492157000458972,-3.4482666666666653,0.1485377565792875,2,0,-0.9932484783925011,False,False,0.15918764645260974,False
2008-07-10,20.8546,0.8689416666666667,4.806,0.134,1440,19.865366666666667,5.469126471791074,0.049796882681920535,5.532633333333333,0.18080350950201138,3,0,0.1808759293528227,False,False,0.17562417485579573,False
2008-07-11,20.9036,0.8709833333333332,4.896,0.134,1440,20.22945238095238,5.432726686816871,0.033325055288317286,0.04899999999999949,0.17789692265795204,4,0,0.12409010390372036,False,False,0.18643607919483535,False
2008-07-12,22.14753333333333,0.9228138888888888,6.88,0.134,1440,20.972776190476193,5.0524079933242385,0.0560134305629314,1.243933333333331,0.13412992571059432,5,1,0.23251430692243166,False,False,0.10741698616667505,False
2008-07-13,20.8959,0.8718734353268428,5.408,0.144,1438,20.63888095238095,4.855002576070603,0.012453148414977381,-1.2516333333333307,0.16121920031931264,6,1,0.05293901364457527,False,False,0.1270226447044399,False
2008-07-14,18.965433333333333,0.7902263888888889,4.324,0.146,1440,19.326238095238097,2.588864290925053,-0.01866916676317177,-1.9304666666666677,0.1827535589474766,0,0,-0.13936797041448643,False,False,0.19124667009465118,False
2008-07-15,19.264333333333333,0.8026805555555555,4.748,0.152,1440,19.69418095238095,2.2647054049986344,-0.021826123162316653,0.2988999999999997,0.16905656182720208,1,0,-0.18980288478089116,False,False,0.18895409876130853,False
2008-07-16,17.951033333333335,0.7479597222222222,6.98,0.152,1440,19.764766666666667,2.2386587055648866,-0.09176598762444274,-1.3132999999999981,0.10715755332696592,2,0,-0.8101875148832335,False,False,0.13092650280688084,False
2008-07-17,21.985366666666664,0.9160569444444444,4.764,0.158,1440,20.14034761904762,1.451050550573236,0.09160810342092245,4.034333333333329,0.19228735189849797,3,0,1.2715057010868234,False,False,0.18412028430630067,False
2008-07-18,21.0264,0.8761,4.416,0.162,1440,20.301885714285714,1.5991957942875634,0.0356870438495509,-0.9589666666666652,0.19839221014492753,4,0,0.45304914401494784,False,False,0.19049963381923468,False
2008-07-19,22.400233333333333,0.9333430555555556,5.376,0.144,1440,20.31942857142857,1.607548326723879,0.10240468892076081,1.3738333333333337,0.17361291956018518,5,1,1.2943963968693626,False,False,0.13573477783951865,False
2008-07-20,15.692233333333334,0.6538430555555556,4.726,0.142,1440,20.35552857142857,1.6575045853723966,-0.22909231866573743,-6.707999999999998,0.13835020219118824,6,1,-2.813443340820394,True,False,0.08317242941638275,False
2008-07-21,19.27463333333333,0.8031097222222223,5.938,0.144,1440,19.61214761904762,2.382923387265769,-0.01720945060532225,3.5823999999999963,0.13524919538939414,0,0,-0.14163874823586392,False,False,0.16109485845273824,False
2008-07-22,12.337366666666668,0.5140569444444444,3.16,0.146,1440,19.656319047619046,2.3717771795803597,-0.37234603097465074,-6.9372666666666625,0.16267624824191276,1,0,-3.0858515900921715,True,False,0.13470093139155026,False
2008-07-23,15.7105,0.6546041666666667,5.886,0.146,1440,18.666752380952378,3.6585670641538783,-0.15836993605641594,3.3731333333333318,0.11121375580473439,2,0,-0.8080355858219247,False,False,0.1074684612109374,False
2008-07-24,18.22416666666667,0.7593402777777778,4.574,0.15,1440,18.34667619047619,3.8258051611885766,-0.0066774778459935905,2.513666666666669,0.16601230384297722,3,0,-0.03202189307817818,False,False,0.18258940046492222,False
2008-07-25,14.425566666666665,0.6010652777777777,5.766,0.144,1440,17.809361904761907,3.4778993779468674,-0.19000092514210043,-3.798600000000004,0.1042430242417235,4,0,-0.972942247711842,False,False,0.1108638276812528,False
2008-07-26,13.594733333333334,0.5664472222222222,4.398,0.144,1440,16.866385714285713,3.3528846270847494,-0.1939747161231651,-0.8308333333333309,0.12879654893638523,5,1,-0.9757724302601487,False,False,0.06698767032178765,False
2008-07-27,19.123266666666662,0.7968027777777777,3.896,0.144,1440,15.608457142857143,2.4649057362127085,0.22518622382981607,5.528533333333328,0.20451816678074378,6,1,1.4259407457949986,False,False,0.10944953718058142,False
2008-07-28,13.7634,0.573475,5.044,0.15,1440,16.09860476190476,2.802371509092814,-0.1450563447231598,-5.359866666666662,0.11369448850118953,0,0,-0.8332959260853723,False,False,0.11545583932451803,False
2008-07-29,19.442633333333333,0.8101097222222222,3.976,0.348,1440,15.311285714285715,2.5214625803336426,0.26982369058615335,5.6792333333333325,0.2037499301363738,1,0,1.6384727067815354,False,False,0.15898610041375122,False
2008-07-30,21.665133333333333,0.9027138888888888,4.392,0.218,1440,16.32632380952381,2.5546807878958013,0.3270062254121885,2.2225,0.20553594920056664,2,0,2.089814723273865,False,False,0.15779923410487712,False
2008-07-31,23.21063333333333,0.967109722222222,5.368,0.15,1440,17.176985714285713,3.2201612796544334,0.3512634707514234,1.545499999999997,0.18016201978804433,3,0,1.8737097601816728,False,False,0.14898640618355258,False
2008-08-01,12.326266666666664,0.5135944444444445,4.284,0.138,1440,17.889338095238095,3.9575418768722193,-0.3109713394064729,-10.884366666666667,0.11988665836705054,4,0,-1.4056885818648917,False,False,0.08702047212869884,False
2008-08-02,8.4296,0.3512333333333333,2.038,0.134,1440,17.589438095238094,4.326147196277995,-0.520757857393858,-3.896666666666663,0.17234216552175335,5,1,-2.1173200262623446,False,False,0.04111511139825008,False
2008-08-03,8.413033333333333,0.3505430555555555,1.95,0.132,1440,16.851561904761905,5.422592188736441,-0.5007564651347848,-0.01656666666666773,0.1797656695156695,6,1,-1.556179826496393,False,False,0.04576222435888555,False
2008-08-04,18.76533333333333,0.7824322446143156,5.89,0.134,1439,15.321528571428571,6.138514263645166,0.22476900694665228,10.352299999999998,0.13284078855930656,0,0,0.5610160071306511,False,False,0.0874460997260913,False
2008-08-05,13.7853,0.5743875,5.796,0.078,1440,16.036090476190473,6.217528712877113,-0.14035780600841127,-4.980033333333331,0.0991006728778468,1,0,-0.36200725081154284,False,False,0.0996441269839714,False
2008-08-06,5.4352,0.2264666666666666,0.976,0.078,1440,15.227899999999996,6.066785260501533,-0.6430761956671635,-8.3501,0.232035519125683,2,0,-1.6141497645806648,False,False,0.024751619488787013,False
2008-08-07,5.5814,0.2325583333333333,1.05,0.078,1440,12.909338095238095,6.2937031433669555,-0.5676463069738,0.14620000000000033,0.22148412698412695,3,0,-1.1643285246081454,False,False,0.05201014855705344,False
2008-08-08,5.036666666666666,0.2098611111111111,0.976,0.078,1440,10.39087619047619,4.845059960517217,-0.5152798884002633,-0.5447333333333342,0.2150216302367942,4,0,-1.1050863286401835,False,False,0.04333526323516701,False
2008-08-09,5.9820666666666655,0.2492527777777777,2.696,0.078,1440,9.349504761904763,5.134495728077106,-0.3601728841252607,0.9453999999999994,0.09245281074843387,5,1,-0.6558459240357026,False,True,-0.02980735143379787,False
2008-08-10,5.8672,0.2444666666666666,1.064,0.078,1440,8.999857142857142,5.28860281866579,-0.34807854092922097,-0.11486666666666512,0.2297619047619047,6,1,-0.5923411627359546,False,False,0.026623981314715883,False
2008-08-11,6.1986,0.258275,1.2,0.078,1440,8.636166666666666,5.421549623117711,-0.282250998706988,0.3313999999999995,0.21522916666666667,0,0,-0.44960700097123185,False,False,0.09595587506238468,False
2008-08-12,4.8164,0.2006833333333333,0.958,0.076,1440,6.840919047619047,3.0860038262297382,-0.29594255297081357,-1.3822,0.2094815588030619,1,0,-0.6560325785766966,False,False,0.08016033039486092,False
2008-08-13,4.709733333333332,0.1962388888888888,0.962,0.078,1440,5.5596476190476185,0.5038473544792508,-0.15287197030301689,-0.10666666666666735,0.2039905289905289,2,0,-1.6868487611544796,False,False,0.08903217385796847,False
2008-08-14,4.504299999999999,0.1876791666666666,0.958,0.078,1440,5.456009523809523,0.5992848570556132,-0.17443325926326764,-0.20543333333333358,0.19590727209464154,3,0,-1.5880753745146041,False,False,0.08654480159819666,False
2008-08-15,4.560899999999999,0.1900375,1.008,0.078,1440,5.302138095238094,0.6927177599683273,-0.13979984714162924,0.05660000000000043,0.18852926587301588,4,0,-1.0700434405954684,False,False,0.08135785522375538,False
2008-08-16,4.580233333333332,0.1908430555555555,1.12,0.08,1440,5.234171428571428,0.7445098980597052,-0.12493631593120676,0.01933333333333298,0.17039558531746024,5,1,-0.8783470803307626,False,False,0.03779452142172379,False
2008-08-17,4.579933333333333,0.1908305555555555,1.018,0.08,1440,5.033909523809522,0.6968170326084303,-0.09018362136406316,-0.0002999999999993008,0.1874563414101724,6,1,-0.6514998474948258,False,False,0.04365750980654892,False
2008-08-18,4.562633333333332,0.1901097222222222,0.934,0.08,1440,4.850014285714286,0.6039209406384992,-0.05925363008258219,-0.017300000000000537,0.20354359980965972,0,0,-0.47585856532333204,False,False,0.08610150859117632,False
2008-08-19,4.5782,0.1907583333333333,0.946,0.078,1440,4.616304761904762,0.1079246709755886,-0.008254386109689918,0.015566666666667395,0.2016472868217054,1,0,-0.35306813132078924,False,False,0.08031181748148702,False
2008-08-20,4.474533333333333,0.1864388888888888,0.954,0.08,1440,4.582276190476191,0.06217538431496785,-0.023512955715500286,-0.10366666666666724,0.19542860470533419,2,0,-1.732886066245359,False,False,0.08061287400954753,False
2008-08-21,4.354966666666667,0.1814569444444444,0.926,0.078,1440,4.54867619047619,0.04214093514286416,-0.04258591196601401,-0.11956666666666571,0.19595782337413,3,0,-4.596706816135388,True,False,0.0849262264822358,False
2008-08-22,4.452066666666667,0.1855027777777778,1.02,0.078,1440,4.527342857142856,0.08467930290597389,-0.01662701342740694,0.09710000000000019,0.18186546840958606,4,0,-0.888956189917792,False,False,0.07678825604395179,False
2008-08-23,4.244033333333333,0.1768347222222222,1.02,0.078,1440,4.511795238095238,0.08743743463507396,-0.059347087053300475,-0.20803333333333374,0.17336737472766883,5,1,-3.0623257175765395,True,False,0.039562115804665066,False
2008-08-24,4.245266666666667,0.1768861111111111,0.912,0.078,1440,4.463766666666666,0.12697590906743278,-0.048949691217432145,0.0012333333333334195,0.1939540692007797,6,1,-1.7207988633809381,False,False,0.04426751026047471,False
2008-08-25,4.171633333333334,0.1738180555555555,0.958,0.078,1440,4.415957142857143,0.1384344553018484,-0.05532748657196659,-0.07363333333333255,0.18143847135235439,0,0,-1.7649060632418023,False,False,0.08141206645085541,False
2008-08-26,4.292733333333333,0.1788638888888889,0.952,0.078,1440,4.3601,0.14794405850343345,-0.015450715962172304,0.12109999999999843,0.1878822362278245,1,0,-0.45535229564561414,False,False,0.07793991622607321,False
2008-08-27,4.3019,0.1792458333333333,1.006,0.078,1440,4.3193190476190475,0.1130292896531009,-0.004032822634079236,0.009166666666667211,0.1781767726971504,2,0,-0.15411091826294412,False,False,0.07282788156160047,False
2008-08-28,4.470766666666666,0.1862819444444444,1.18,0.076,1440,4.294657142857143,0.09000759581064494,0.04100665500211765,0.16886666666666628,0.15786605461393594,3,0,1.9566073532284616,False,False,0.06261891950735854,False
2008-08-29,4.4598,0.185825,0.924,0.078,1440,4.3112,0.11110795551985604,0.03446836147708296,-0.010966666666665681,0.20110930735930735,4,0,1.3374379836684498,False,False,0.07216193543743277,False
2008-08-30,4.507066666666667,0.1877944444444444,0.924,0.078,1440,4.312304761904762,0.11276809936692522,0.04516422551635197,0.047266666666666346,0.2032407407407407,5,1,1.7271010671926659,False,False,0.04166938935730158,False
2008-08-31,25.01023333333333,1.04281723419041,7.52,0.078,1439,4.3498809523809525,0.12889743103293752,4.749636279044307,20.50316666666666,0.1386725045465971,6,1,160.28521449487212,True,True,-0.09182863555886633,True
2008-09-01,20.791833333333336,0.8663263888888889,4.184,0.142,1440,7.316304761904761,7.803217414617527,1.8418489948087255,-4.218399999999992,0.20705697631187592,0,0,1.7269195327282927,False,False,0.0016205322251926502,False
2008-09-02,23.069233333333333,0.9612180555555556,4.962,0.142,1440,9.690619047619048,9.106596013449325,1.380573750755517,2.2773999999999965,0.19371585158314303,1,0,1.4691125274422752,False,False,0.019914760409575072,False
2008-09-03,23.14143333333333,0.964226388888889,5.61,0.146,1440,12.37297619047619,9.975515164989373,0.870320687365899,0.07219999999999871,0.17187636165577344,2,0,1.0794888248629726,False,False,0.06920665814694504,False
2008-09-04,20.42033333333333,0.8508472222222222,7.02,0.144,1440,15.064338095238094,9.976462406500037,0.3555413589521261,-2.7211000000000034,0.12120330800886357,3,0,0.536863170516796,False,False,0.11548926639016366,False
2008-09-05,14.566,0.6069166666666667,4.952,0.14,1440,17.342847619047618,8.919085367135184,-0.1601148600301262,-5.854333333333328,0.1225599084544965,4,0,-0.31133771062217586,False,False,0.12901181718188542,False
2008-09-06,31.1429,1.2976208333333334,6.0,0.144,1440,18.786590476190472,7.123291788204081,0.6577196399458178,16.576900000000002,0.2162701388888889,5,1,1.734634757524764,False,False,0.04116670186805371,False
2008-09-07,22.8776,0.9532333333333332,6.146,0.168,1440,22.591709523809524,5.031049980784809,0.012654663246673562,-8.2653,0.15509816682937408,6,1,0.056825210896807775,False,False,0.11209675012630299,False
2008-09-08,21.822066666666665,0.9092527777777778,5.916,0.146,1440,22.28704761904762,4.923608555869362,-0.020863281684001936,-1.0555333333333365,0.15369384343775824,0,0,-0.09443905767582968,False,False,0.18266879598708108,False
2008-09-09,19.327566666666662,0.8053152777777778,5.02,0.144,1440,22.43422380952381,4.886724243245695,-0.13847847686793183,-2.494500000000002,0.16042137007525456,1,0,-0.6357340803813701,False,False,0.1894094574341723,False
2008-09-10,21.6794,0.9033083333333332,5.858,0.142,1440,21.8997,5.0088008306122696,-0.010059498531943276,2.3518333333333388,0.15420080801183564,2,0,-0.04398258334681456,False,False,0.1780036026647977,False
2008-09-11,17.14523333333333,0.7143847222222222,4.206,0.144,1440,21.690838095238096,4.978784689669367,-0.20956335305931248,-4.534166666666671,0.16984895915887355,3,0,-0.9129948461793459,False,False,0.1810931649953239,False
2008-09-12,23.2127,0.9671958333333333,6.29,0.142,1440,21.222966666666668,5.263804018993472,0.09375377931768886,6.067466666666672,0.15376722310545837,4,0,0.37800292832972987,False,False,0.16085187053561745,False
2008-09-13,27.1906,1.1329416666666663,6.306,0.144,1440,22.458209523809522,4.381948874379227,0.21071984706409205,3.977899999999998,0.17966090495824077,5,1,1.079973913858339,False,False,0.13564254195863035,False
2008-09-14,26.2721,1.0946708333333333,5.128,0.176,1440,21.893595238095237,3.1609334469561503,0.19999021240175696,-0.9185000000000016,0.21346935127405095,6,1,1.3851935940382047,False,False,0.1494738668778659,False
2008-09-15,28.295133333333336,1.178963888888889,5.278,0.228,1440,22.37852380952381,3.5708530745321334,0.2643878378292114,2.0230333333333377,0.2233732263904678,0,0,1.656917660938694,False,False,0.16959587863785092,False
2008-09-16,20.36436666666667,0.8485152777777778,6.788,0.158,1440,23.303247619047617,4.187616165900527,-0.12611465150371423,-7.930766666666667,0.12500225070385648,1,0,-0.7018028481960824,False,False,0.14959792623732293,False
2008-09-17,25.320166666666665,1.0550069444444443,5.91,0.152,1440,23.451361904761907,4.039269575950228,0.07968853875071918,4.955799999999996,0.1785121733408535,2,0,0.4626590839669638,False,False,0.18704970510153918,False
2008-09-18,25.088166666666663,1.0453402777777778,6.08,0.156,1440,23.97147142857143,4.007351100832726,0.04658434261837807,-0.23200000000000287,0.1719309667397661,3,0,0.2786616919748269,False,False,0.18654483456810833,False
2008-09-19,25.3141,1.0547541666666669,6.296,0.154,1440,25.10617619047619,2.645429219022584,0.008281779270022133,0.22593333333333732,0.16752766306649727,4,0,0.07859738148678622,False,False,0.18741990676241538,False
2008-09-20,21.74333333333333,0.9059722222222222,4.202,0.15,1440,25.40637619047619,2.510541590434796,-0.1441780925260796,-3.570766666666671,0.21560500290866783,5,1,-1.4590647974521174,False,False,0.12074379626160286,False
2008-09-21,25.551166666666667,1.0646319444444443,6.862,0.154,1440,24.628195238095234,2.7022331404498074,0.03747621048349365,3.8078333333333383,0.15514892807409564,6,1,0.3415587703205347,False,False,0.12408948233808625,False
2008-09-22,22.64273333333333,0.9434472222222224,7.318,0.154,1440,24.525204761904764,2.6422082871629633,-0.07675660394466903,-2.9084333333333383,0.12892145698581886,0,0,-0.7124614049987384,False,False,0.156567101687497,False
2008-09-23,20.546466666666667,0.8561027777777778,5.714,0.158,1440,23.71771904761905,2.107711744633725,-0.13370815189206545,-2.0962666666666614,0.14982547738498034,1,0,-1.5045949186488388,False,False,0.17958797599062132,False
2008-09-24,28.639166666666668,1.193298611111111,6.412,0.154,1440,23.743733333333328,2.060009104439032,0.20617791080313155,8.0927,0.18610396305538227,2,0,2.3764134453504915,False,False,0.15749953358058044,False
2008-09-25,18.853666666666665,0.7855694444444444,5.774,0.146,1440,24.217876190476186,2.74979606474249,-0.22149793324647626,-9.785500000000003,0.1360528999730593,3,0,-1.9507663104870516,False,False,0.15255520342735085,False
2008-09-26,23.8575,0.9940625,6.012,0.148,1440,23.327233333333332,3.362362656316826,0.022731656990327597,5.003833333333336,0.16534639055222888,4,0,0.15770656555159648,False,False,0.18225780689166754,False
2008-09-27,35.45743333333333,1.4773930555555554,5.688,0.148,1440,23.119147619047617,3.262497553787123,0.533682552557445,11.599933333333325,0.2597385822003438,5,1,3.7818528629893895,True,False,0.06784228761030553,False
2008-09-28,28.851733333333332,1.2021555555555556,5.992,0.164,1440,25.078304761904764,5.587720080326675,0.15046585513868543,-6.605699999999995,0.20062676160807003,6,1,0.6753073735232566,False,False,0.12505061744324925,False
2008-09-29,25.02896666666667,1.0428736111111112,4.288,0.234,1440,25.549814285714284,5.770537386325939,-0.020385573578859135,-3.822766666666663,0.24320746527777778,0,0,-0.0902598118992926,False,False,0.18700242438797,False
2008-09-30,22.916766666666668,0.954865277777778,5.532,0.23,1440,25.89070476190476,5.639168507312377,-0.11486508855540721,-2.1122000000000014,0.17260760625050217,1,0,-0.5273717377627132,False,False,0.19533349070498446,False
2008-10-01,31.206066666666665,1.3002527777777777,6.254,0.232,1440,26.22931904761905,5.327321688826821,0.18973987124913086,8.289299999999997,0.20790738371886439,2,0,0.934193185571189,False,False,0.16070133569123646,False
2008-10-02,22.42236666666667,0.9342652777777778,6.048,0.22,1440,26.59601904761905,5.60210536828394,-0.15692771062765565,-8.783699999999996,0.15447507899764845,3,0,-0.7450149732244093,False,False,0.16961286467452402,False
2008-10-03,26.87633333333333,1.1198472222222222,4.7,0.226,1440,27.105833333333333,4.898256269818479,-0.008466812186798718,4.453966666666663,0.23826536643026003,4,0,-0.04685340810241161,False,False,0.1909388696419959,False
2008-10-04,35.008266666666664,1.4586777777777775,5.57,0.244,1440,27.53709523809524,4.693196847582674,0.2713129821418379,8.131933333333333,0.2618811091162976,5,1,1.5919152064588133,False,False,0.11835487973309733,False
2008-10-05,25.8325,1.0763541666666667,5.698,0.24,1440,27.47292857142857,4.5682674568776465,-0.05971072822336796,-9.175766666666664,0.18890034515034515,6,1,-0.3590920599359531,False,False,0.13166357483731778,False
2008-10-06,23.7297,0.9887375,6.052,0.246,1440,27.041609523809523,4.5589117090602365,-0.12247457093459843,-2.1027999999999984,0.16337367812293457,0,0,-0.7264693275870068,False,False,0.19108674894497635,False
2008-10-07,28.77613333333333,1.1990055555555554,6.536,0.25,1440,26.856,4.6793680659933425,0.07149736868235511,5.046433333333329,0.18344638242894057,1,0,0.4103403079761199,False,False,0.18384396403961945,False
2008-10-08,31.0096,1.2920666666666667,5.112,0.248,1440,27.693052380952377,4.371187270569949,0.1197609990196958,2.2334666666666685,0.25275169535732916,2,0,0.758729245341892,False,False,0.1709245615411949,False
2008-10-09,33.061366666666665,1.3775569444444444,6.486,0.25,1440,27.664985714285713,4.3454262065550004,0.19506176537059822,2.0517666666666656,0.21238929146537844,3,0,1.2418530877916196,False,False,0.17560654133142345,False
2008-10-10,25.305633333333333,1.0544013888888888,5.952,0.236,1440,29.184842857142854,4.05714362291162,-0.13291863666348655,-7.755733333333332,0.1771507709826762,4,0,-0.9561430120202637,False,False,0.191102012455933,False
2008-10-11,27.8231,1.1592958333333334,6.362,0.232,1440,28.96045714285714,4.245175574073492,-0.039272762071632585,2.5174666666666674,0.18222191658807504,5,1,-0.267917574435156,False,False,0.13681696675352872,False
2008-10-12,31.799,1.3249583333333337,8.22,0.236,1440,27.934004761904763,3.3033176184418136,0.1383616588827305,3.9758999999999993,0.1611871451743715,6,1,1.1700343970914817,False,False,0.12130827283896228,False
2008-10-13,24.366266666666668,1.015261111111111,6.784,0.238,1440,28.7863619047619,3.4377250414380605,-0.1535482410982977,-7.432733333333331,0.14965523453878404,0,0,-1.285761712997916,False,False,0.16806928508963392,False
2008-10-14,26.8176,1.1174,5.592,0.236,1440,28.877299999999998,3.28677260388224,-0.07132592035959039,2.4513333333333307,0.19982117310443492,1,0,-0.6266633711036601,False,False,0.20227435393107707,False
2008-10-15,35.94826666666667,1.4978444444444443,6.496,0.292,1440,28.597509523809524,3.378890234958128,0.2570418636188267,9.13066666666667,0.23057950191570878,2,0,2.175494506097277,False,False,0.1376076179288233,False
2008-10-16,26.394666666666662,1.0997777777777775,4.376,0.288,1440,29.30303333333333,4.344201087017688,-0.0992513858064752,-9.553600000000007,0.2513203331302051,3,0,-0.6694825143702717,False,False,0.17019427522220382,False
2008-10-17,31.114766666666664,1.296448611111111,6.246,0.244,1440,28.350647619047617,4.107244735192089,0.0974975628338716,4.720100000000002,0.20756461913402355,4,0,0.6729862050671723,False,False,0.18566154306014276,False
2008-10-18,37.319833333333335,1.5549930555555556,7.146,0.238,1440,29.18052380952381,3.9741694427295164,0.27892952083173556,6.205066666666671,0.21760328233355103,5,1,2.0480529683252087,False,False,0.1329457196880896,False
2008-10-19,32.865566666666666,1.3693986111111112,10.29,0.252,1440,30.537199999999995,4.937710412094346,0.07624689449807683,-4.454266666666669,0.1330805258611381,6,1,0.4715478374275673,False,False,0.07382200178592924,False
2008-10-20,27.792566666666666,1.158023611111111,6.124,0.24,1440,30.689566666666668,4.9992090635902295,-0.09439690144424767,-5.073,0.1890959521735975,0,0,-0.5794916682119099,False,False,0.19514537431116408,False
2008-10-21,34.395266666666664,1.433136111111111,6.156,0.246,1440,31.179038095238095,4.409912276587481,0.10315355340996799,6.602699999999999,0.23280313695762037,1,0,0.7293180384797543,False,False,0.1691409943292384,False
2008-10-22,27.4335,1.1430625,5.174,0.242,1440,32.261561904761905,4.078458391372887,-0.14965369373667148,-6.961766666666666,0.22092433320448396,2,0,-1.1837957976902855,False,False,0.18544750265605064,False
2008-10-23,30.508233333333337,1.2711763888888887,6.974,0.228,1440,31.045166666666663,4.065382418028595,-0.0172952311417234,3.074733333333338,0.1822736433738011,3,0,-0.13207449585854678,False,False,0.18653569224672462,False
2008-10-24,35.55376666666667,1.4814069444444444,7.978,0.24,1440,31.632819047619048,3.545132934448474,0.12395188722020473,5.045533333333331,0.18568650594690955,4,0,1.1060086297321352,False,False,0.15467506454776636,False
2008-10-25,25.38593333333333,1.0903049391553328,5.056,0.198,1397,32.26696190476191,3.823137824625976,-0.21325306645659395,-10.167833333333338,0.21564575537091232,5,1,-1.7998379569540521,False,False,0.10654877549635267,False
2008-10-26,8.724866666666667,0.363536111111111,1.518,0.2,1440,30.562119047619046,3.8550814369003272,-0.7145202316281671,-16.661066666666663,0.23948360415751713,6,1,-5.664537244772341,True,True,-0.039694755243176894,True
2008-10-27,8.731533333333333,0.3638138888888889,1.538,0.198,1440,27.113447619047616,8.920727694259789,-0.6779629999100779,0.0066666666666659324,0.23654999277561045,0,0,-2.0605846199679956,False,False,0.07089288622975487,False
2008-10-28,22.1215,0.9217291666666666,5.018,0.198,1440,24.390442857142855,11.276868516006688,-0.09302589831731502,13.389966666666668,0.1836845688853461,1,0,-0.20120327322449982,False,False,0.12379391038491516,False
2008-10-29,26.876266666666663,1.1198444444444444,5.042,0.66,1440,22.637047619047618,10.380570146242428,0.18726907850173957,4.7547666666666615,0.22210322182555423,2,0,0.4083801744891212,False,False,0.18024011415746427,False
2008-10-30,18.31,0.7629166666666666,2.626,0.2,1440,22.55744285714286,10.339713758372653,-0.1882945191989215,-8.566266666666664,0.2905242447321655,3,0,-0.41078921103627897,False,False,0.13479145875421655,False
2008-10-31,21.430533333333333,0.892938888888889,3.178,0.192,1440,20.814838095238095,9.78968067035731,0.029579631380178436,3.1205333333333343,0.2809751066358996,4,0,0.06289226981218442,False,False,0.15379654051481823,False
2008-11-01,13.841633333333332,0.5767347222222222,1.672,0.418,1440,18.797233333333335,7.412546212684722,-0.2636345419627357,-7.588900000000001,0.34493703482190324,5,1,-0.6685422063905289,False,True,-0.011176322767794789,False
2008-11-02,15.1769,0.6323708333333333,2.29,0.418,1440,17.14804761904762,6.973561466468569,-0.11494880716671904,1.3352666666666675,0.27614446870451237,6,1,-0.2826601053888488,False,False,0.07073686423243802,False
2008-11-03,14.126666666666663,0.5886111111111111,2.682,0.25,1440,18.069766666666666,6.038375067295407,-0.21821532467676227,-1.0502333333333365,0.2194672300936283,0,0,-0.6530068033296449,False,False,0.1573051409640111,False
2008-11-04,26.0386,1.0849416666666667,7.816,0.25,1440,18.8405,4.881240748082623,0.3820546163849155,11.911933333333335,0.13881034629819175,1,0,1.4746455607270448,False,False,0.08769919005193144,False
2008-11-05,52.24883333333334,2.177034722222222,8.862,0.258,1440,19.400085714285716,5.504767582938517,1.6932269322325035,26.21023333333334,0.24565952631710922,2,0,5.967326889669069,True,True,-0.11382042135148429,True
2008-11-06,26.47396666666667,1.1030819444444444,6.71,0.212,1440,23.024738095238096,13.619807886438542,0.1498053336008166,-25.774866666666668,0.16439373240602748,3,0,0.25325089753013513,False,False,0.07989383619762419,False
2008-11-07,26.9864,1.1244333333333334,4.724,0.258,1440,24.191019047619047,13.49778960171519,0.1155544934621546,0.5124333333333304,0.23802568444820774,4,0,0.207099164742184,False,False,0.18497791626922255,False
2008-11-08,28.88563333333333,1.2035680555555557,5.978,0.256,1440,24.984714285714286,13.471736792054427,0.1561322256084195,1.8992333333333313,0.2013328965465968,5,1,0.2895631875705729,False,False,0.1431343454247025,False
2008-11-09,42.97563333333333,1.7906513888888889,5.638,0.252,1440,27.133857142857146,12.567440500013396,0.5838379743458793,14.089999999999996,0.3176040065429033,6,1,1.2605411730781058,False,False,0.0023389398355705415,False
2008-11-10,34.864666666666665,1.4587726638772665,5.672,0.262,1434,31.105104761904762,12.551498977670201,0.12086639583887004,-8.110966666666663,0.25718841041559704,0,0,0.29953090953123346,False,False,0.14514383039282192,False
2008-11-11,40.932500000000005,1.7055208333333332,5.348,0.258,1440,34.06767619047619,10.080260403340501,0.2015054907514623,6.06783333333334,0.3189081588132635,1,0,0.6810165149353559,False,False,0.07545125898740873,False
2008-11-12,36.44156666666667,1.5205104311543811,7.072,0.268,1438,36.19537619047619,9.6664358239241,0.006801710663122099,-4.490933333333338,0.215004303047848,2,0,0.025468588492685646,False,False,0.16802798433493116,False
2008-11-13,20.641,0.8600416666666667,5.828,0.254,1440,33.937195238095235,6.674470568834187,-0.3917882766920576,-15.800566666666668,0.14757063601006634,3,0,-1.992097365771687,False,False,0.12290164910967222,False
2008-11-14,27.028966666666665,1.1262069444444445,4.898,0.256,1440,33.10391428571428,7.99499709533359,-0.18351145929800844,6.387966666666667,0.22993200172405973,4,0,-0.7598436305365712,False,False,0.17464166130127867,False
2008-11-15,50.527133333333325,2.105297222222222,7.732,0.256,1440,33.10999523809524,7.989583009756477,0.5260386771423791,23.49816666666666,0.27228365522791287,5,1,2.179980866832368,False,True,-0.012982452501915986,False
2008-11-16,39.42386666666667,1.642661111111111,6.466,0.22,1440,36.20163809523809,10.013360217330213,0.08900781127504911,-11.103266666666656,0.25404594975427014,6,1,0.32179293478844795,False,False,0.06668051745959325,False
2008-11-17,25.393933333333333,1.0580805555555557,5.094,0.212,1440,35.694242857142854,9.6979198202447,-0.28857061249439847,-14.029933333333336,0.20771114164812635,0,0,-1.0621153520270723,False,False,0.15648556942439157,False
2008-11-18,29.15083333333333,1.2146180555555557,7.71,0.26,1440,34.34128095238095,10.463368890719725,-0.15114309877505466,3.756899999999998,0.15753800979968297,1,0,-0.4960589341021113,False,False,0.1700776271463093,False
2008-11-19,30.67063333333333,1.2779430555555555,5.804,0.258,1440,32.658185714285715,10.169885628237397,-0.06085924056959985,1.5198,0.2201831591239758,2,0,-0.19543507701146662,False,False,0.1932009322917792,False
2008-11-20,28.2056,1.1752333333333334,5.254,0.282,1440,31.833766666666666,10.045215841568798,-0.11397227053453718,-2.4650333333333307,0.22368354269762722,3,0,-0.3611835448724456,False,False,0.1969979807147027,False
2008-11-21,27.898833333333336,1.162451388888889,4.628,0.26,1440,32.914423809523804,8.99211688560261,-0.15238275186634756,-0.30676666666666463,0.25117791462594835,4,0,-0.5577763879182879,False,False,0.18415331658856776,False
2008-11-22,28.5228,1.18845,7.366,0.258,1440,33.038690476190474,8.902793972674822,-0.13668491126925497,0.6239666666666643,0.1613426554439316,5,1,-0.5072441853704592,False,False,0.1289764474241713,False
2008-11-23,56.75540000000001,2.36645170257123,8.556,0.256,1439,29.89521428571428,4.489543006144652,0.8984777783352812,28.23260000000001,0.27658388295596426,6,1,5.982832924759446,True,True,-0.09522359158121507,True
2008-11-24,53.54996666666666,2.231248611111111,7.73,0.64,1440,32.37114761904762,10.868138584376235,0.6542498677172984,-3.205433333333346,0.2886479445163145,0,0,1.9487071206531343,False,True,-0.006510580809550803,False
2008-11-25,45.0475,1.8769791666666664,6.734,0.21,1440,36.393438095238096,12.8796204012016,0.23779182066050103,-8.502466666666663,0.27873168498168494,1,0,0.6719190189762523,False,False,0.0535793930063565,False
2008-11-26,25.2659,1.0527458333333333,5.956,0.204,1440,38.664390476190476,12.79091227377666,-0.34653308409041816,-19.7816,0.17675383366912914,2,0,-1.0475007715954276,False,False,0.12797900100011306,False
2008-11-27,39.3703,1.6404291666666666,7.468,0.204,1440,37.89228571428571,13.49747503677878,0.03900567774820361,14.104400000000002,0.21966110962328156,3,0,0.10950302050471664,False,False,0.10187900130692923,False
2008-11-28,31.43273333333333,1.3096972222222223,5.07,0.204,1440,39.48724285714286,12.803882368897392,-0.2039775112420275,-7.937566666666669,0.25832292351523123,4,0,-0.6290677539630617,False,False,0.14991872629967834,False
2008-11-29,40.5778,1.6907416666666668,8.114,0.194,1440,39.992085714285714,12.331776342063963,0.014645754910078718,9.145066666666672,0.20837338756059484,5,1,0.047496343549177464,False,False,0.09328173044796562,False
2008-11-30,40.02313333333333,1.6676305555555555,10.348,0.21,1440,41.71422857142857,11.258140468048326,-0.04054000987215978,-0.5546666666666766,0.16115486621139885,6,1,-0.150210884550138,False,False,0.07396112678383165,False
2008-12-01,26.9423,1.1225958333333332,5.932,0.276,1440,39.323904761904764,9.10221392986202,-0.314862037146919,-13.080833333333327,0.18924407170150592,0,0,-1.3602849655383191,False,False,0.16197388746578628,False
2008-12-02,29.890733333333333,1.2454472222222222,6.366,0.292,1440,35.52280952380952,7.603582649517479,-0.1585481628839417,2.948433333333334,0.19564046846092087,1,0,-0.7407134833779438,False,False,0.1896354460855677,False
2008-12-03,29.25273333333333,1.218863888888889,5.88,0.264,1440,33.35755714285715,6.520086184039493,-0.1230552882498106,-0.6380000000000017,0.2072897770219199,2,0,-0.6295658820541369,False,False,0.19471684785046267,False
2008-12-04,28.9773,1.2073874999999998,4.726,0.262,1440,33.92710476190476,5.8334254493816164,-0.14589528922794126,-0.2754333333333321,0.25547767668218363,3,0,-0.8485245598586456,False,False,0.18010220331407245,False
2008-12-05,34.3103,1.4295958333333334,6.13,0.256,1440,32.442390476190475,5.5319476987537755,0.05757619880632362,5.332999999999998,0.23321302338227298,4,0,0.33765856539647354,False,False,0.17475172711613862,False
2008-12-06,42.06393333333334,1.7526638888888888,7.494,0.206,1440,32.853471428571424,5.551297710860434,0.28034973183235434,7.75363333333334,0.2338756190137295,5,1,1.659154739033861,False,False,0.10708681523005986,False
2008-12-07,41.11233333333333,1.7130138888888888,4.996,0.236,1440,33.06577619047619,5.912603502741922,0.24335001533019382,-0.9516000000000062,0.3428770794413308,6,1,1.360916073456577,False,False,0.021935289294622295,False
2008-12-08,31.143933333333337,1.297663888888889,5.512,0.204,1440,33.221376190476185,6.136313564942937,-0.06253331726030074,-9.968399999999995,0.23542523383325273,0,0,-0.338549005874045,False,False,0.16089941433081872,False
2008-12-09,33.385733333333334,1.3910722222222225,7.136,0.206,1440,33.82160952380952,5.601979942270316,-0.012887505846501508,2.241799999999998,0.19493725087194821,1,0,-0.07780752429819279,False,False,0.1813574360221255,False
2008-12-10,35.18366666666667,1.540890510948905,6.07,0.208,1370,34.32089523809524,5.343005903339683,0.025138371903940762,1.797933333333333,0.25385346144133525,2,0,0.16147678744508712,False,False,0.1728814693847382,False
2008-12-11,23.875366666666668,0.9948069444444444,5.614,0.212,1440,35.16817142857143,4.85316466069959,-0.3211086702315785,-11.3083,0.1772010944860072,3,0,-2.326895036830853,False,False,0.17100934921198496,False
2008-12-12,30.2589,1.2607875,5.202,0.21,1440,34.439323809523806,6.148187561198255,-0.12138518841556803,6.383533333333332,0.2423659169550173,4,0,-0.6799440921267306,False,False,0.16984369167670293,False
2008-12-13,30.426233333333336,1.2677597222222223,6.434,0.206,1440,33.860552380952385,6.349747019161908,-0.10142536982211076,0.16733333333333533,0.1970406779953718,5,1,-0.5408591928552672,False,False,0.1324974470518892,False
2008-12-14,33.36866666666667,1.390361111111111,6.006,0.264,1440,32.19802380952381,5.276785681317938,0.03635759958648754,2.9424333333333337,0.23149535649535646,6,1,0.22184771712207899,False,False,0.13442174524806372,False
2008-12-15,29.924166666666665,1.2468402777777778,4.94,0.264,1440,31.09178571428572,3.6607365859113448,-0.037553939755945585,-3.444500000000005,0.2523968173639226,0,0,-0.3189574065811609,False,False,0.18568269011127397,False
2008-12-16,29.9515,1.2479791666666666,6.164,0.268,1440,30.917533333333335,3.6867786690844504,-0.031245485301759805,0.027333333333334764,0.20246255137356695,1,0,-0.2620263975795525,False,False,0.19664843416832906,False
2008-12-17,34.97976666666666,1.4574902777777778,4.936,0.268,1440,30.426928571428572,3.528700886142628,0.14963186588321264,5.0282666666666636,0.29527760895011707,2,0,1.2902306662254364,False,False,0.1420509640389015,False
2008-12-18,28.949,1.206208333333333,5.266,0.214,1440,30.3978,3.483442209516094,-0.04766134391304629,-6.030766666666661,0.22905589315103173,3,0,-0.4159104451459409,False,False,0.18690212001799894,False
2008-12-19,31.368533333333332,1.3070222222222223,5.238,0.226,1440,31.122604761904764,2.1865387036094797,0.0079019276602964,2.41953333333333,0.24952696109626235,4,0,0.1124739164335831,False,False,0.18348685310343016,False
2008-12-20,37.37503333333333,1.558375260597637,6.224,0.218,1439,31.28112380952381,2.153458688621433,0.19481108034725322,6.0064999999999955,0.25038162927339924,5,1,2.8298242060592402,True,False,0.12480681706921998,False
2008-12-21,44.06016666666667,1.8358402777777776,7.212,0.208,1440,32.273809523809526,3.0911493819252454,0.365198819623755,6.68513333333334,0.2545535604239847,6,1,3.812936770954855,True,False,0.0829503827944334,False
2008-12-22,33.5968,1.3998666666666666,5.388,0.216,1440,33.80116666666667,5.457731376239236,-0.006046142391534767,-10.463366666666666,0.25981192774065826,0,0,-0.037445350930314265,False,False,0.14999772793887206,False
2008-12-23,29.96813333333333,1.2486722222222222,6.8,0.21,1440,34.32582857142857,5.1930199400317285,-0.12695091187754784,-3.628666666666671,0.1836282679738562,1,0,-0.8391447151016751,False,False,0.18288866451132274,False
2008-12-24,21.160633333333333,0.8816930555555555,3.878,0.208,1440,34.32820476190476,5.1906880468575025,-0.3835787953346151,-8.807499999999997,0.22735767291272704,2,0,-2.5367680179785053,True,False,0.15703446656761216,False
2008-12-25,17.685299999999998,0.7368874999999999,4.814,0.2,1440,32.35404285714286,7.157032115642615,-0.45338206795088104,-3.475333333333335,0.15307176983797255,3,0,-2.0495566626119275,False,False,0.14414483230991965,False
2008-12-26,20.395533333333333,0.8498138888888889,4.11,0.204,1440,30.744942857142856,9.062670069264351,-0.3366215241283197,2.710233333333335,0.20676736955934033,4,0,-1.1419823787814027,False,False,0.17258717796793255,False
2008-12-27,49.53606666666667,2.064002777777778,5.548,0.61,1440,29.17737142857143,9.851500594916576,0.6977563173548713,29.140533333333337,0.372026455980133,5,1,2.0665577839583573,False,True,-0.10855065917590578,False
2008-12-28,26.177366666666668,1.0907236111111112,4.08,0.2,1440,30.914661904761907,12.30487672653998,-0.15323781488179675,-23.358700000000002,0.26733421840958604,6,1,-0.38499331146304977,False,False,0.013653806996277496,False
2008-12-29,9.254633333333334,0.3856097222222222,2.478,0.2,1440,28.359976190476193,10.89657962059856,-0.6736727396674891,-16.922733333333333,0.15561328580396375,0,0,-1.7533339380209458,False,False,0.02700440083466904,False
2008-12-30,19.92063333333333,0.8300263888888889,4.14,0.2,1440,24.882523809523807,12.68433260110486,-0.19941266867355747,10.665999999999997,0.20048946591519057,1,0,-0.39118262128811365,False,False,0.1379613666190566,False
2008-12-31,32.736466666666665,1.3640194444444445,6.026,0.204,1440,23.447166666666668,12.580997199406866,0.39618006440010506,12.815833333333334,0.22635569937677472,2,0,0.7383595952503624,False,False,0.10129503281424468,False
2009-01-01,23.444866666666663,0.9768694444444443,8.584,0.204,1440,25.100857142857144,12.98466375933004,-0.06597346324731866,-9.291600000000003,0.11380119343481412,3,0,-0.1275343364205778,False,False,0.11188059460756006,False
2009-01-02,38.79183333333333,1.616326388888889,7.6,0.218,1440,25.92365238095238,12.613629073007905,0.49638765260700507,15.346966666666667,0.2126745248538012,4,0,1.0201807012002408,False,False,0.05717031689206831,False
2009-01-03,31.8916,1.3288166666666668,6.698,0.204,1440,28.55169523809524,13.17387279399579,0.11697745909841732,-6.900233333333329,0.1983900666865731,5,1,0.2535248984206815,False,False,0.12145358253816779,False
2009-01-04,32.33323333333333,1.3472180555555555,5.274,0.268,1440,26.03105714285714,9.726607417032982,0.24210219953381704,0.441633333333332,0.25544521341591875,6,1,0.6479315880930884,False,False,0.1256271755667729,False
2009-01-05,26.73333333333333,1.113888888888889,5.53,0.274,1440,26.91046666666666,10.01601918225304,-0.006582321129077297,-5.599900000000002,0.20142656218605587,0,0,-0.01768500340406549,False,False,0.2003888853136604,False
2009-01-06,28.164366666666663,1.1735152777777778,6.038,0.268,1440,29.407423809523806,6.41070981855156,-0.042270181533364044,1.4310333333333318,0.19435496485223214,1,0,-0.19390319918395565,False,False,0.19901052140112985,False
2009-01-07,34.6712,1.4446333333333332,6.256,0.278,1440,30.585099999999994,4.97360954304497,0.13359773222909216,6.506833333333336,0.2309196504688832,2,0,0.8215562489648899,False,False,0.16410474982184237,False
2009-01-08,27.22116666666667,1.134215277777778,5.254,0.26,1440,30.861490476190472,5.1632329040415135,-0.11795683725425704,-7.45003333333333,0.21587652793638717,3,0,-0.7050473757777506,False,False,0.1859827592119051,False
2009-01-09,29.8117,1.242154166666667,5.512,0.21,1440,31.400961904761903,4.40004331188413,-0.05061188601744382,2.5905333333333296,0.2253545295113692,4,0,-0.3611923320094255,False,False,0.1941983027645755,False
2009-01-10,35.04913333333333,1.4603805555555556,8.78,0.206,1440,30.118085714285712,2.9592414728090186,0.16372380588281235,5.237433333333332,0.16633035940268287,5,1,1.6663214760797773,False,False,0.12087519258427326,False
2009-01-11,32.93313333333334,1.3722138888888888,6.418,0.21,1440,30.569161904761902,3.471028909865633,0.07733190186686763,-2.1159999999999926,0.21380708770471935,6,1,0.6810578332702355,False,False,0.14860691211626637,False
2009-01-12,26.487966666666665,1.1036652777777778,4.552,0.208,1440,30.654861904761905,3.528768709685623,-0.1359293429877744,-6.4451666666666725,0.24245722271040815,0,0,-1.1808354644094732,False,False,0.17693838987950677,False
2009-01-13,36.376666666666665,1.5156944444444445,6.876,0.258,1440,30.619809523809526,3.575128914729164,0.18801087375741804,9.8887,0.22043258354340378,1,0,1.6102516245328888,False,False,0.14148923448323242,False
2009-01-14,29.6047,1.2343863794301595,5.694,0.208,1439,31.79299523809524,3.961627023474433,-0.06882947711303287,-6.771966666666664,0.21678721099932552,2,0,-0.5523728571944304,False,False,0.18515888043041623,False
2009-01-15,26.0678,1.0861583333333331,5.348,0.204,1440,31.069209523809523,3.8079838303868936,-0.16097640076670613,-3.536900000000003,0.20309617302418345,3,0,-1.3134009351351101,False,False,0.2019127438355952,False
2009-01-16,46.109233333333336,1.921218055555556,8.108,0.256,1440,30.904442857142858,4.021216070797939,0.4919936769763263,20.041433333333337,0.23695338623033496,4,0,3.7811423729770772,True,False,0.00734164337978338,False
2009-01-17,55.297,2.304041666666667,6.738,0.3,1440,33.232661904761905,6.9410423216474175,0.6639353223786294,9.187766666666661,0.34194741268427825,5,1,3.1788220086808585,True,True,-0.06294795266799469,True
2009-01-18,52.5699,2.1904125,7.594,0.212,1440,36.125214285714286,10.908985923385115,0.45521351331578846,-2.7271,0.2884398867526995,6,1,1.5074440309831145,False,True,-0.00016799712656312416,False
2009-01-19,28.3311,1.1804625,6.15,0.214,1440,38.93046666666667,12.377318397300312,-0.2722640536888847,-24.238799999999998,0.1919451219512195,0,0,-0.8563540442636232,False,False,0.1054603778360989,False
2009-01-20,28.96713333333333,1.206963888888889,5.848,0.2,1440,39.19377142857143,12.084656428365715,-0.2609250838204128,0.6360333333333301,0.20638917388660893,1,0,-0.8462498007997663,False,False,0.1798847911889082,False
2009-01-21,28.990566666666663,1.2079402777777777,6.08,0.206,1440,38.135266666666666,12.682261543355537,-0.2397964089233239,0.023433333333333195,0.19867438779239766,2,0,-0.7210622465668258,False,False,0.18398214028767262,False
2009-01-22,20.6226,0.859275,3.43,0.256,1440,38.047533333333334,12.753036485451611,-0.45797800295419944,-8.367966666666664,0.25051749271137025,3,0,-1.3663360371634883,False,False,0.11654366718959713,False
2009-01-23,31.842266666666664,1.326761111111111,5.952,0.266,1440,37.269647619047625,13.733888653239385,-0.1456246919170536,11.219666666666665,0.22291013291517323,4,0,-0.3951816626313492,False,False,0.13801273605443276,False
2009-01-24,36.6795,1.5283125,8.556,0.214,1440,35.23150952380952,13.253668205272483,0.041099302748067654,4.837233333333334,0.17862464936886396,5,1,0.10925205413052717,False,False,0.11671384676066071,False
2009-01-25,47.3944,1.9747666666666668,9.59,0.212,1440,32.571866666666665,10.032573555249058,0.45507165693093016,10.7149,0.2059193604449079,6,1,1.477440783434691,False,False,0.03744507379397377,False
2009-01-26,27.907866666666667,1.1628277777777778,4.316,0.21,1440,31.832509523809524,8.365353221997527,-0.12329040078374502,-19.48653333333333,0.269422562043044,0,0,-0.46915446998969734,False,False,0.10600574490109299,False
2009-01-27,23.7505,0.9896041666666666,5.12,0.288,1440,31.772047619047616,8.39635010567005,-0.25247184931948263,-4.157366666666668,0.19328206380208332,1,0,-0.9553612603207994,False,False,0.19378621586019512,False
2009-01-28,45.362233333333336,1.8900930555555555,6.87,0.214,1440,31.026814285714284,8.903016750785282,0.46203322441065203,21.611733333333337,0.27512271551027007,2,0,1.610175455005699,False,False,0.005998438548256102,False
2009-01-29,26.2283,1.0928458333333333,4.608,0.218,1440,33.36562380952381,10.317056820081211,-0.21391249419669317,-19.133933333333335,0.2371627242476852,3,0,-0.6917984396123185,False,False,0.11749769475225957,False
2009-01-30,34.3173,1.4298875,5.46,0.23,1440,34.16643809523809,9.333787899197027,0.004415499922508365,8.089000000000002,0.2618841575091575,4,0,0.016162988316339295,False,False,0.15966466141484514,False
2009-01-31,55.214200000000005,2.3005916666666666,7.164,0.222,1440,34.52001428571429,9.277782178505808,0.5994836949661915,20.896900000000002,0.3211322817792667,5,1,2.230509977074987,False,True,-0.06403008681805267,False
2009-02-01,30.124333333333333,1.289201141226819,6.56,0.212,1402,37.16782857142857,12.18587264893596,-0.189505158326889,-25.089866666666673,0.19652456421140535,6,1,-0.5780049932419292,False,False,0.026318293431642714,False
2009-02-02,26.721666666666668,1.1134027777777775,7.17,0.206,1440,34.70067619047619,11.499225547734639,-0.22993815682471938,-3.402666666666665,0.15528630094529672,0,0,-0.6938736431151569,False,False,0.17758579713549916,False
2009-02-03,31.13983333333333,1.2974930555555555,6.102,0.212,1440,34.53121904761905,11.624073087616255,-0.09821216301715119,4.418166666666661,0.21263406351287373,1,0,-0.2917553673934434,False,False,0.1859591971119312,False
2009-02-04,41.0154,1.708975,7.918,0.208,1440,35.58683809523809,10.78727432163286,0.15254409201047583,9.875566666666671,0.2158341752967921,2,0,0.503237587448336,False,False,0.12756044670888922,False
2009-02-05,27.4848,1.1452,6.066,0.214,1440,34.9658619047619,10.242097571866871,-0.21395331037851742,-13.5306,0.18878997692054073,3,0,-0.730422831091844,False,False,0.1614715804356952,False
2009-02-06,34.13993333333333,1.4224972222222223,5.702,0.254,1440,35.145361904761906,10.073059229641384,-0.028607717119349018,6.655133333333332,0.24947338165945673,4,0,-0.09981362647704482,False,False,0.16713086789600068,False
2009-02-07,52.19226666666667,2.1746777777777777,6.442,0.21,1440,35.12002380952381,10.07571204616838,0.4861113691077063,18.052333333333337,0.33757804684535514,5,1,1.6943956693993791,False,True,-0.04007611350869511,False
2009-02-08,36.3811,1.5158791666666669,6.266,0.214,1440,34.68831904761905,9.087544734534756,0.0487997400524699,-15.811166666666665,0.24192134801574638,6,1,0.1862748412063375,False,False,0.0649174477809813,False
2009-02-09,28.443966666666668,1.1851652777777777,6.098,0.214,1440,35.58214285714286,8.868896122106175,-0.20061119475392292,-7.937133333333335,0.19435311213148207,0,0,-0.8048550904417435,False,False,0.1844641198709987,False
2009-02-10,32.39703333333334,1.349876388888889,4.77,0.214,1440,35.828185714285716,8.601992714285144,-0.09576684703809264,3.953066666666672,0.2829929536454694,1,0,-0.39887878250051706,False,False,0.15774776817425618,False
2009-02-11,43.98983333333334,1.832909722222222,7.852,0.216,1440,36.00778571428572,8.500314086677633,0.2216756032260219,11.592799999999997,0.2334322111846946,2,0,0.9390297273318075,False,False,0.09245865618723692,False
2009-02-12,32.811,1.367125,5.844,0.222,1440,36.432704761904766,8.859129259433162,-0.09940806716309847,-11.178833333333337,0.23393651608487334,3,0,-0.4088104661130653,False,False,0.15141793135398657,False
2009-02-13,28.167033333333336,1.173626388888889,5.406,0.214,1440,37.19359047619048,8.163987421137268,-0.24269120101850625,-4.643966666666664,0.21709700127430429,4,0,-1.105655444726263,False,False,0.17891104736355157,False
2009-02-14,38.87656666666667,1.6221098748261475,6.286,0.212,1438,36.340319047619055,8.821956988733229,0.06979156170104633,10.709533333333333,0.2580512050312039,5,1,0.2874926302958321,False,False,0.09531558254188849,False
2009-02-15,26.433866666666667,1.1014111111111111,4.28,0.198,1440,34.438076190476195,5.726839793486945,-0.23242324802170808,-12.442700000000002,0.25733904465212876,6,1,-1.3976660448774216,False,False,0.056456136419842484,False
2009-02-16,21.98323333333333,0.9159680555555556,4.422,0.204,1440,33.01704285714286,6.3631339573770545,-0.3341852743006175,-4.450633333333336,0.2071388637619981,0,0,-1.734021253947917,False,False,0.18051916559040948,False
2009-02-17,13.028300000000002,0.5520466101694915,2.586,0.198,1416,32.094080952380956,7.503396548424674,-0.59405910331782,-8.95493333333333,0.21347510060691863,1,0,-2.540953397482875,True,False,0.08693526820023184,False
2009-02-18,13.774166666666666,0.5739236111111111,1.582,0.198,1440,29.327119047619046,10.389300862583676,-0.5303266357564387,0.7458666666666645,0.3627835721309173,2,0,-1.4970162657398078,False,False,0.018115147898051465,False
2009-02-19,12.2878,0.5119916666666667,2.764,0.284,1440,25.010595238095238,9.522761569279456,-0.5086962192213775,-1.4863666666666653,0.1852357694163049,3,0,-1.336040511519172,False,False,0.10874088670246251,False
2009-02-20,31.345600000000005,1.3060666666666667,6.322,0.218,1440,22.078709523809525,9.87378224357819,0.4197206574141994,19.057800000000004,0.20659074132658442,4,0,0.93853502615146,False,False,0.06603135519856651,False
2009-02-21,21.9364,0.9140166666666668,3.71,0.228,1440,22.532790476190478,10.265749692306033,-0.02646767060744923,-9.409200000000006,0.24636567834681047,5,1,-0.05809517025702087,False,False,0.09181812041358262,False
2009-02-22,37.30796666666667,1.5544986111111112,11.122,0.198,1440,20.112766666666666,7.354757589882087,0.8549395657484553,15.371566666666673,0.13976790245559353,6,1,2.3379696461587502,False,True,-0.02252890744091185,False
2009-02-23,45.56093333333334,1.898372222222222,7.694,0.234,1440,21.666209523809528,9.69003835641455,1.1028566756573324,8.252966666666666,0.24673410738526408,0,0,2.465906008896872,False,False,0.0027795881013921164,False
2009-02-24,29.719066666666663,1.2382944444444444,4.846,0.22,1440,25.034452380952384,13.259103553895034,0.18712669302399426,-15.841866666666675,0.2555291878754528,1,0,0.35331304764854277,False,False,0.09593595407218053,False
2009-02-25,19.4974,0.8123916666666667,6.29,0.206,1440,27.41884761904762,12.198521042655004,-0.2889051986832833,-10.221666666666664,0.12915606783253844,2,0,-0.6493777066374206,False,False,0.13089565744922294,False
2009-02-26,19.280866666666668,0.8033694444444445,2.884,0.208,1440,28.236452380952382,11.289494859018296,-0.31716398340206975,-0.2165333333333308,0.27856083371860074,3,0,-0.7932671767977109,False,False,0.1345775184598142,False
2009-02-27,33.81529999999999,1.4089708333333333,5.106,0.208,1440,29.235461904761905,9.862158549624823,0.15665352270326602,14.534433333333325,0.2759441506724115,4,0,0.4643849591540297,False,False,0.10109381026653902,False
2009-02-28,27.17916666666667,1.1324652777777775,6.788,0.268,1440,29.58827619047619,9.99353054317157,-0.08142108409089943,-6.636133333333323,0.16683342336148754,5,1,-0.24106690957737933,False,False,0.12759036113163114,False
2009-03-01,41.1271,1.7148200138985408,6.714,0.256,1439,30.337242857142858,9.509204823859763,0.3556637362751205,13.947933333333328,0.25540959396761104,6,1,1.1346750167568231,False,False,0.07523560545046609,False
2009-03-02,24.624033333333333,1.0260013888888888,4.578,0.264,1440,30.88283333333333,10.068897674301635,-0.20266275223020333,-16.503066666666665,0.2241156375904082,0,0,-0.6215973388997718,False,False,0.14853800722200794,False
2009-03-03,30.815866666666665,1.2839944444444444,8.31,0.258,1440,27.89184761904762,7.846444962337128,0.10483418264562017,6.1918333333333315,0.15451196684048668,1,0,0.37265526765997997,False,False,0.1569910285543133,False
2009-03-04,30.702166666666663,1.2792569444444446,4.992,0.254,1440,28.04853333333333,7.899783713635696,0.09460863075431153,-0.11370000000000147,0.2562614071403134,2,0,0.3359121501963321,False,False,0.18219016251029402,False
2009-03-05,24.0302,1.0012583333333334,5.194,0.298,1440,29.649214285714283,6.957299863422457,-0.1895164651436197,-6.671966666666663,0.19277210884353743,3,0,-0.807642964371261,False,False,0.19632652132240208,False
2009-03-06,29.724566666666664,1.238523611111111,5.726,0.26,1440,30.327690476190472,5.933977136567258,-0.019886902037506145,5.694366666666664,0.21629822059223036,4,0,-0.10163905179329841,False,False,0.1913655999986245,False
2009-03-07,28.27443333333333,1.1781013888888887,5.468,0.254,1440,29.7433,5.731234021893115,-0.049384791420813104,-1.4501333333333335,0.2154538019182313,5,1,-0.25629151785734994,False,False,0.14561799165167355,False
2009-03-08,39.286100000000005,1.6369208333333334,7.854,0.208,1440,29.899766666666665,5.664122133969211,0.31392664156799466,11.011666666666674,0.20841874628639334,6,1,1.657155886000597,False,False,0.09699397580324093,False
2009-03-09,28.0926,1.170525,4.758,0.22,1440,29.636766666666666,5.067210507399288,-0.05210307467188837,-11.193500000000004,0.24601197982345524,0,0,-0.30473702728785956,False,False,0.15460454963883308,False
2009-03-10,30.6035,1.2751458333333334,5.542,0.268,1440,30.132276190476187,4.647543820195387,0.015638506913485405,2.5108999999999995,0.2300876638999158,1,0,0.10139201000669701,False,False,0.18793616457740314,False
2009-03-11,40.0984,1.6707666666666667,7.64,0.22,1440,30.101938095238093,4.643028726007467,0.332086986330733,9.494899999999998,0.2186867364746946,2,0,2.153004535330077,False,False,0.11463815372346126,False
2009-03-12,31.45433333333333,1.3105972222222222,5.602,0.214,1440,31.444257142857143,6.004200304777935,0.0003204461288561992,-8.644066666666667,0.23395166408822243,3,0,0.0016781902609360282,False,False,0.17104461974702256,False
2009-03-13,24.092,1.0038333333333334,5.656,0.206,1440,32.50484761904762,5.057344838683207,-0.2588182451320814,-7.362333333333332,0.17748114097124,4,0,-1.6634909992093976,False,False,0.18122874433736724,False
2009-03-14,35.81713333333333,1.4923805555555554,5.88,0.212,1440,31.700195238095237,5.943823203013235,0.12987106433624185,11.725133333333332,0.2538062169312169,5,1,0.6926414118695527,False,False,0.10124434456028142,False
2009-03-15,32.3677,1.3486541666666665,7.166,0.214,1440,32.777723809523806,5.902825107639291,-0.012509221564819931,-3.4494333333333316,0.1882018094706484,6,1,-0.06946230017778507,False,False,0.1271586421835721,False
2009-03-16,22.24553333333333,0.9275413481584434,4.322,0.214,1439,31.789380952380952,5.164485666114669,-0.30022124788601173,-10.122166666666669,0.21460928925461437,0,0,-1.847976398050035,False,False,0.16948861907097107,False
2009-03-17,32.1985,1.3416041666666667,7.88,0.21,1440,30.954085714285714,6.225837081539664,0.04020193964701646,9.952966666666672,0.1702543358714044,1,0,0.19987903143243543,False,False,0.1439345155448804,False
2009-03-18,24.178000000000004,1.0074166666666666,5.724,0.212,1440,31.181942857142854,6.240038843680078,-0.22461534514480885,-8.020499999999998,0.17599871884463078,2,0,-1.1224197529213227,False,False,0.18549569904624302,False
2009-03-19,19.858866666666664,0.8274527777777777,4.296,0.214,1440,28.9076,5.275289378581924,-0.31302264225786075,-4.31913333333334,0.19261005069315124,3,0,-1.715305584954615,False,False,0.18340355426514615,False
2009-03-20,24.39843333333333,1.016601388888889,6.028,0.214,1440,27.251104761904763,6.098605812212571,-0.10468094609357925,4.539566666666666,0.1686465475927155,4,0,-0.4677579624606834,False,False,0.18963948623263982,False
2009-03-21,32.16703333333333,1.3402930555555554,7.502,0.212,1440,27.294880952380954,6.073197044051399,0.1785005909881931,7.768599999999999,0.1786580985811191,5,1,0.8022384825673607,False,False,0.12378586042860368,False
2009-03-22,28.152833333333334,1.1730347222222224,5.182,0.218,1440,26.773438095238095,5.330855131855214,0.051521034884965955,-4.014199999999995,0.22636717912431925,6,1,0.25875684181558106,False,False,0.13567230861096613,False
2009-03-23,21.6075,0.9003125000000001,5.12,0.262,1440,26.171314285714285,4.805850462557833,-0.1743823117131515,-6.545333333333332,0.17584228515625,0,0,-0.9496371810298212,False,False,0.19247591299401173,False
2009-03-24,27.6952,1.1539666666666666,5.848,0.222,1440,26.080166666666663,4.897885284147477,0.06192572900224321,6.087699999999998,0.1973267213862289,1,0,0.329740947294246,False,False,0.18438929473099225,False
2009-03-25,30.64623333333333,1.2769263888888889,6.584,0.196,1440,25.436838095238095,4.207392499603059,0.2047972793863268,2.9510333333333314,0.19394386222492238,2,0,1.2381529031547949,False,False,0.1759086716793723,False
2009-03-26,20.1834,0.8409749999999999,3.638,0.21,1440,26.360871428571425,4.578740220904742,-0.23434245887167174,-10.462833333333332,0.23116410115448047,3,0,-1.3491639906469253,False,False,0.15976493730968439,False
2009-03-27,28.56543333333333,1.1902263888888889,5.226,0.264,1440,26.40723333333333,4.502947431158782,0.08172760746108709,8.382033333333332,0.2277509354934728,4,0,0.4792860749530475,False,False,0.17230985903965296,False
2009-03-28,37.68293333333334,1.5701222222222222,6.856,0.264,1440,27.00251904761905,4.468430142590123,0.39553399691633717,9.117500000000007,0.2290143264618177,5,1,2.390193858893672,False,False,0.11787292848994252,False
2009-03-29,36.94416666666666,1.5393402777777778,5.512,0.214,1440,27.790504761904764,5.81454782909445,0.32938091564676225,-0.7387666666666775,0.2792707325431382,6,1,1.5742689154536504,False,False,0.08189066298284114,False
2009-03-30,24.6242,1.0260083333333334,4.554,0.262,1440,29.046409523809523,6.775826709919507,-0.15224633943774055,-12.319966666666662,0.22529827258088128,0,0,-0.6526450148637373,False,False,0.1657856531648314,False
2009-03-31,30.391366666666663,1.2663069444444444,7.096,0.216,1440,29.477366666666665,6.303298863470115,0.031006840276324932,5.7671666666666646,0.17845362802204684,1,0,0.1450034370568968,False,False,0.17957883585126644,False
2009-04-01,27.35233333333333,1.1396805555555556,4.232,0.212,1440,29.862533333333335,6.258464452480684,-0.08405850809710287,-3.0390333333333324,0.2693006983826927,2,0,-0.40108880046526907,False,False,0.18365558329217263,False
2009-04-02,27.405566666666665,1.1418986111111111,4.76,0.264,1440,29.39197619047619,6.31330887880158,-0.06758339456103586,0.0532333333333348,0.23989466619981328,3,0,-0.31463841892471966,False,False,0.19457741481684931,False
2009-04-03,22.721000000000004,0.9467083333333334,5.736,0.262,1440,30.423714285714283,5.0140432263667565,-0.2531812589803065,-4.684566666666662,0.16504678056717806,4,0,-1.5362281372463895,False,False,0.18591610196416852,False
2009-04-04,36.52053333333333,1.5216888888888889,5.124,0.296,1440,29.588795238095233,5.80003947417705,0.2342690210757066,13.79953333333333,0.29697285107121174,5,1,1.1951191239472767,False,False,0.059129845988180385,False
2009-04-05,22.9286,0.9553583333333332,6.502,0.264,1440,29.422738095238092,5.540512071782493,-0.22071834627414003,-13.591933333333333,0.14693299497590484,6,1,-1.1721187520396104,False,False,0.07136012469411246,False
2009-04-06,24.210566666666665,1.0087736111111112,4.308,0.268,1440,27.420514285714287,4.860097472725534,-0.11706372774780378,1.2819666666666656,0.23416286237490977,0,0,-0.6604698027275344,False,False,0.1910397958188194,False
2009-04-07,24.001533333333327,1.0000638888888889,5.762,0.266,1440,27.36142380952381,4.902095351450294,-0.12279662416620991,-0.20903333333333762,0.17356193837016468,1,0,-0.6853988417823111,False,False,0.19616218087214177,False
2009-04-08,25.576666666666668,1.0656944444444445,5.318,0.27,1440,26.448590476190475,4.838365606304078,-0.03296674014854324,1.5751333333333406,0.2003938406251306,2,0,-0.18021040170832617,False,False,0.20189394840681713,False
2009-04-09,31.507866666666665,1.3128277777777777,6.308,0.256,1440,26.194923809523807,4.829626675961108,0.20282337508503104,5.931199999999997,0.20812108081448602,3,0,1.1000731968761475,False,False,0.17387834446322675,False
2009-04-10,30.7019,1.2792458333333334,5.314,0.254,1440,26.780966666666668,5.233057503948459,0.14640746102020205,-0.8059666666666665,0.24073124451135366,4,0,0.7492624207501827,False,False,0.171339277434077,False
2009-04-11,41.04076666666666,1.7100319444444445,6.968,0.256,1440,27.921095238095237,5.067880585808246,0.46988383932271716,10.338866666666664,0.2454121619466769,5,1,2.588788588529666,True,False,0.08339020995394658,False
2009-04-12,35.68353333333333,1.486813888888889,7.972,0.258,1440,28.566842857142856,6.446665736634378,0.24912415109291702,-5.357233333333333,0.1865045018676479,6,1,1.103933531988258,False,False,0.1025486766387908,False
2009-04-13,26.64373333333333,1.1116995827538247,6.272,0.314,1438,30.38897619047619,6.389748382448766,-0.12324346939718905,-9.0398,0.1772480202094746,0,0,-0.5861330733194781,False,False,0.18903691224309394,False
2009-04-14,25.02563333333333,1.0427347222222223,6.254,0.31,1440,30.736571428571427,6.055048155799335,-0.18580270439433094,-1.6180999999999983,0.1667308478129553,1,0,-0.943169723558406,False,False,0.19050598647394346,False
2009-04-15,20.2677,0.8444875,4.718,0.306,1440,30.882871428571427,5.874888636783209,-0.3437235897291193,-4.75793333333333,0.17899268757948283,2,0,-1.8068719400243398,False,False,0.17879960757309682,False
2009-04-16,26.0754,1.086475,6.188,0.306,1440,30.12444761904762,6.923215867961426,-0.1344106843136741,5.807699999999997,0.175577731092437,3,0,-0.5848506960161971,False,False,0.1785076275370825,False
2009-04-17,34.046833333333325,1.4186180555555554,7.454,0.3,1440,29.34838095238095,7.045690051236761,0.16009238767125936,7.9714333333333265,0.19031634767313596,4,0,0.6668548214276947,False,False,0.1564130845744779,False
2009-04-18,25.20443333333333,1.0501847222222225,6.32,0.29,1440,29.82622857142857,7.262868605943326,-0.1549574136410459,-8.842399999999994,0.16616846870604784,5,1,-0.6363594729378894,False,False,0.12031120062893819,False
2009-04-19,21.441133333333333,0.8933805555555556,6.322,0.244,1440,27.563895238095235,5.420080320418689,-0.2221297770824428,-3.7632999999999974,0.14131296354880665,6,1,-1.1296441275410716,False,False,0.09421651331776654,False
2009-04-20,24.775166666666664,1.0322986111111112,6.042,0.256,1440,25.529266666666665,4.45056776636024,-0.02953864714745695,3.3340333333333305,0.17085379197469566,0,0,-0.1694390557761844,False,False,0.18860007184729422,False
2009-04-21,31.576633333333334,1.3156930555555555,6.72,0.252,1440,25.262328571428565,4.428565604682331,0.24994943534406336,6.80146666666667,0.19578765707671958,1,0,1.425812627734055,False,False,0.16724018669939156,False
2009-04-22,24.936633333333333,1.0390263888888889,4.494,0.26,1440,26.19818571428571,5.02256209083025,-0.048154188794243886,-6.640000000000001,0.23120302378479948,2,0,-0.25117706026085934,False,False,0.186439764112247,False
2009-04-23,19.02433333333333,0.7926805555555556,5.716,0.302,1440,26.865176190476188,4.371565304569758,-0.2918589776426803,-5.912300000000002,0.13867749397403,3,0,-1.793600761024097,False,False,0.16127432754539978,False
2009-04-24,19.9008,0.8292,3.274,0.312,1440,25.85788095238095,5.298050957274269,-0.23037777006365368,0.8764666666666692,0.253268173488088,4,0,-1.124391026137985,False,False,0.16065194406244415,False
2009-04-25,33.70473333333334,1.404363888888889,6.12,0.26,1440,23.837019047619044,4.247680861053063,0.4139659521184939,13.803933333333337,0.22947122367465506,5,1,2.3230827852890856,False,False,0.08363226532906864,False
2009-04-26,29.693766666666665,1.2372402777777778,7.016,0.286,1440,25.05134761904762,5.67797737497163,0.18531614020194329,-4.010966666666672,0.1763455356011656,6,1,0.817618447738574,False,False,0.1267119124075597,False
2009-04-27,22.52713333333333,0.9386305555555556,6.02,0.302,1440,26.230295238095238,5.660175901710887,-0.14117881141435518,-7.166633333333333,0.15591869693613883,0,0,-0.6542485550038402,False,False,0.18098980312868873,False
2009-04-28,28.439766666666667,1.1849902777777777,6.134,0.304,1440,25.90914761904762,5.818069637070422,0.09767280208626446,5.912633333333336,0.19318393834003547,1,0,0.4349585353009444,False,False,0.18435137167687438,False
2009-04-29,27.744666666666667,1.156027777777778,5.594,0.302,1440,25.461023809523812,5.415680006744451,0.08969171366505096,-0.6951,0.20665494776149054,2,0,0.4216724131224345,False,False,0.19074874800053376,False
2009-04-30,30.57936666666667,1.2741402777777775,4.278,0.302,1440,25.86217142857143,5.47404699550976,0.18239749323151894,2.8347000000000016,0.29783550205184145,3,0,0.8617381695781294,False,False,0.14940329679896452,False
2009-05-01,25.213366666666666,1.0505569444444445,4.738,0.252,1440,27.512890476190478,4.764677857818376,-0.08357987000725384,-5.366000000000003,0.22173004314994604,4,0,-0.4826189467878748,False,False,0.1916772260589582,False
2009-05-02,23.23183333333333,0.9679930555555556,5.726,0.252,1440,28.271828571428575,3.6406251669811587,-0.17826916378478075,-1.981533333333335,0.1690522276555284,5,1,-1.3843763109165277,False,False,0.12862235509629177,False
2009-05-03,26.814633333333333,1.1172763888888888,7.856,0.236,1440,26.7757,3.1554503791355826,0.0014540547337075257,3.5828000000000024,0.14221949960398278,6,1,0.012338439416055136,False,False,0.11357567440582056,False
2009-05-04,27.798033333333333,1.158251388888889,5.192,0.25,1440,26.364395238095238,2.888004041268416,0.054377810766793516,0.9833999999999996,0.22308385764423902,0,0,0.49641138819474745,False,False,0.190063682260606,False
2009-05-05,28.8579,1.2024125,4.288,0.246,1440,27.11738095238095,2.3595631981099148,0.06418462943288882,1.059866666666668,0.28041336287313434,1,0,0.7376445983787424,False,False,0.16526776226937095,False
2009-05-06,22.49836666666667,0.9374319444444444,4.604,0.256,1440,27.177114285714282,2.4035028949170587,-0.1721576312282356,-6.3595333333333315,0.2036124987933198,2,0,-1.9466369809423796,False,False,0.1939951738704378,False
2009-05-07,16.877466666666667,0.7032277777777778,4.288,0.244,1440,26.427642857142853,2.952331525454453,-0.36137071482691724,-5.6209000000000024,0.16399901533996683,3,0,-3.234791251638356,True,False,0.16211348743636889,False
2009-05-08,30.9526,1.289691666666667,4.5,0.25,1440,24.470228571428574,4.071165445223627,0.2649084952210148,14.075133333333333,0.2865981481481482,4,0,1.592264307552687,False,False,0.08063150006631531,False
2009-05-09,21.02253333333333,0.8759388888888889,4.682,0.304,1440,25.290119047619047,4.764620846283346,-0.168745180924227,-9.930066666666669,0.18708647776353884,5,1,-0.8956821228733564,False,False,0.10971168790223451,False
2009-05-10,32.775866666666666,1.366610145934677,6.012,0.268,1439,24.97450476190476,4.991461575509748,0.3123730371887826,11.753333333333334,0.22731373019538872,6,1,1.56294139236466,False,False,0.09896972973015855,False
2009-05-11,25.286266666666663,1.0535944444444445,5.33,0.25,1440,25.82610952380952,5.800670818605543,-0.020902987987608743,-7.489600000000003,0.19767250364811342,0,0,-0.09306559086430527,False,False,0.19219268090226788,False
2009-05-12,27.099266666666665,1.1291361111111111,6.34,0.314,1440,25.467285714285715,5.735682999010153,0.06408146398834721,1.8130000000000024,0.1780971784086926,1,0,0.28453123240294,False,False,0.1866719343074828,False
2009-05-13,20.7733,0.8655541666666666,5.408,0.298,1440,25.216052380952384,5.599309869242887,-0.17618746637393315,-6.325966666666666,0.1600506964990138,2,0,-0.7934464219164769,False,False,0.1812316220027375,False
2009-05-14,26.78306666666667,1.115961111111111,7.396,0.228,1440,24.96961428571429,5.77409064996585,0.07262636740007233,6.009766666666671,0.15088711615888467,3,0,0.3140671823299321,False,False,0.16818983176008756,False
2009-05-15,23.703766666666667,0.9876569444444444,5.256,0.208,1440,26.3847,4.542928945115926,-0.10160939231195854,-3.0793000000000035,0.1879103775579232,4,0,-0.5901332302843051,False,False,0.19975001383064944,False
2009-05-16,33.4563,1.3940125,6.732,0.144,1440,25.34915238095238,4.136109311716442,0.31981927826270895,9.752533333333332,0.20707256387403447,5,1,1.96009027036165,False,False,0.12069618695168371,False
2009-05-17,25.7294,1.0720583333333331,6.54,0.246,1440,27.125404761904765,4.6109489970203885,-0.05146484537865152,-7.7269000000000005,0.16392329255861363,6,1,-0.3027586648229832,False,False,0.12776475472326138,False
2009-05-18,20.1651,0.8402124999999999,5.016,0.234,1440,26.118766666666666,3.8835759228951154,-0.22794593414951958,-5.564299999999999,0.16750647926634768,0,0,-1.533037279268213,False,False,0.1855751555573425,False
2009-05-19,26.95573333333333,1.1231555555555557,5.458,0.244,1440,25.387171428571428,4.499989649512112,0.06178561125547844,6.790633333333332,0.20578152355360124,1,0,0.34857011391836573,False,False,0.1864492549405931,False
2009-05-20,21.78603333333333,0.907751388888889,5.39,0.248,1440,25.366666666666667,4.491206487909333,-0.1411550591327203,-5.169700000000002,0.16841398680684397,2,0,-0.7972542217715158,False,False,0.19437671152822134,False
2009-05-21,26.2525,1.0938541666666668,5.744,0.226,1440,25.511342857142854,4.332070591047882,0.0290520631159027,4.466466666666673,0.1904342212163417,3,0,0.17108611858466272,False,False,0.19323282464977726,False
2009-05-22,17.913433333333334,0.7463930555555556,4.59,0.23,1440,25.435547619047618,4.310700478089471,-0.29573235058172237,-8.339066666666668,0.16261286613410797,4,0,-1.7449865338470771,False,False,0.16638119570087256,False
2009-05-23,25.509966666666664,1.0629152777777775,4.284,0.23,1440,24.60835714285714,5.168595249901421,0.03663834682565248,7.59653333333333,0.24811280993879029,5,1,0.17443995519415428,False,False,0.10394578158880213,False
2009-05-24,21.4631,0.8942958333333334,5.078,0.224,1440,23.473166666666664,3.5069565664391935,-0.0856325307620757,-4.046866666666663,0.17611182223972693,6,1,-0.5731655435663393,False,False,0.1259876150551857,False
2009-05-25,22.568266666666663,0.9403444444444444,4.62,0.22,1440,22.863695238095236,3.419114343111678,-0.012921295895176793,1.105166666666662,0.20353775853775852,0,0,-0.08640499900910263,False,False,0.19770444553343902,False
2009-05-26,22.294566666666668,0.9308796102992344,4.084,0.21,1437,23.20700476190476,3.21770853054907,-0.03931735717725603,-0.2736999999999945,0.22793330320745211,1,0,-0.2835676651801624,False,False,0.19510616527077368,False
2009-05-27,25.7382,1.072425,5.324,0.228,1440,22.541123809523807,2.7627789271432395,0.1418330433518759,3.443633333333331,0.20143219383921862,2,0,1.1571958071151294,False,False,0.18344778392758565,False
2009-05-28,19.662266666666667,0.8192611111111112,4.978,0.208,1440,23.105719047619043,2.9781830160328058,-0.14903030604049566,-6.075933333333332,0.16457635819829475,3,0,-1.1562259143964055,False,False,0.18648052519693048,False
2009-05-29,20.7141,0.8630875,4.798,0.23,1440,22.16425714285714,2.856808381530919,-0.06542773500191418,1.051833333333331,0.1798848478532722,4,0,-0.507614424625856,False,False,0.19270583930700003,False
2009-05-30,27.651766666666667,1.1521569444444444,6.24,0.238,1440,22.56435238095238,2.3051046272440385,0.2254624551072342,6.937666666666669,0.18464053596866095,5,1,2.2070209853323464,False,False,0.13178756752757126,False
2009-05-31,15.948166666666664,0.6645069444444445,3.77,0.136,1440,22.870323809523807,2.841092954123539,-0.3026698353949223,-11.703600000000003,0.1762617889773062,6,1,-2.436441628145387,False,False,0.07090062871176678,False
2009-06-01,24.05433333333333,1.0022638888888888,5.322,0.136,1440,22.082476190476193,3.8734547157171275,0.08929511010669923,8.106166666666665,0.18832466908847967,0,0,0.5090693676773934,False,False,0.1710026683339933,False
2009-06-02,18.1773,0.7573875,2.992,0.206,1440,22.29477142857143,3.9445881055889167,-0.1846832761557163,-5.87703333333333,0.25313753342245987,1,0,-1.0438279785759033,False,False,0.15068427668364098,False
2009-06-03,22.60963333333333,0.9420680555555556,4.262,0.206,1440,21.706590476190478,4.240489850447509,0.0416022432511169,4.432333333333332,0.2210389618853955,2,0,0.2129572028211678,False,False,0.1787940398109405,False
2009-06-04,17.261,0.7192083333333333,4.892,0.134,1440,21.25965238095238,3.895592818665515,-0.18808644230396643,-5.348633333333332,0.14701723902970837,3,0,-1.0264554246514326,False,False,0.17266733243868132,False
2009-06-05,20.506,0.8544166666666666,4.19,0.19,1440,20.916614285714285,4.156675639920084,-0.01963101102814369,3.245000000000001,0.20391805887032613,4,0,-0.0987842981470114,False,False,0.18899481899989656,False
2009-06-06,24.590833333333336,1.0246180555555555,6.282,0.192,1440,20.88688571428571,4.159108874767732,0.17733364704122873,4.084833333333336,0.16310379744596554,5,1,0.8905627937557836,False,False,0.13401731249580884,False
2009-06-07,20.1232,0.8384666666666667,8.76,0.164,1440,20.449609523809524,3.425547649415367,-0.0159616506823509,-4.467633333333335,0.09571537290715373,6,1,-0.09528681461057227,False,False,0.04989552232990868,False
2009-06-08,19.64626666666667,0.8185944444444445,5.106,0.232,1440,21.046042857142854,2.8213379368609193,-0.06651018435995974,-0.47693333333333143,0.16032010271140706,0,0,-0.4961391445484216,False,False,0.1857771246535746,False
2009-06-09,22.214166666666667,0.9255902777777776,4.96,0.206,1440,20.416319047619048,2.5130785829383884,0.08805934188500471,2.567899999999998,0.1866109431003584,1,0,0.7153964986425162,False,False,0.18215020996593828,False
2009-06-10,26.7166,1.1131916666666668,5.322,0.208,1440,20.993014285714285,2.372916340931678,0.2726423960079238,4.502433333333332,0.20916791932857323,2,0,2.412046988575444,False,False,0.17782982978182793,False
2009-06-11,21.6775,0.9032291666666667,4.732,0.314,1440,21.57972380952381,3.202102736034356,0.004530928724538978,-5.039100000000001,0.19087683150183152,3,0,0.030534994825706326,False,False,0.19299306664978882,False
2009-06-12,18.3622,0.7650916666666666,4.524,0.292,1440,22.210652380952382,2.5849713214873935,-0.17327056922707829,-3.315299999999997,0.16911840554081933,4,0,-1.4887795268606616,False,False,0.18960360775829266,False
2009-06-13,0.2369666666666666,0.4739333333333333,0.99,0.254,30,21.90439523809524,2.9251966407744336,-0.989181775434067,-18.125233333333334,0.4787205387205387,5,1,-7.407169921298765,True,True,-0.14584047724385052,True
2009-06-15,12.865133333333333,0.7836629441624365,3.744,0.134,985,18.425271428571428,8.454496300861011,-0.3017669572354946,12.628166666666665,0.2093116838040696,0,0,-0.6576545659700445,False,False,0.06967579915260202,False
2009-06-16,25.14653333333333,1.047772222222222,6.866,0.136,1440,17.388404761904763,8.654262658953767,0.4461667805447799,12.281399999999998,0.15260300352785058,1,0,0.8964517113889475,False,False,0.08575803091240758,False
2009-06-17,16.46693333333333,0.6861222222222222,5.432,0.134,1440,18.174157142857144,9.130045125313853,-0.09393689050360125,-8.6796,0.12631116020291278,2,0,-0.18698963543897346,False,False,0.1350787298431369,False
2009-06-18,19.42833333333333,0.8095138888888889,3.244,0.134,1440,17.35312380952381,8.9630780611706,0.11958708683162823,2.961400000000001,0.24954188929990406,3,0,0.23152866790256335,False,False,0.1625177701045199,False
2009-06-19,18.11443333333333,0.7547680555555556,4.888,0.134,1440,16.311942857142856,8.073248145910831,0.11050127455548188,-1.3139000000000003,0.15441244999090745,4,0,0.22326707213916755,False,False,0.16380771382743475,False
2009-06-20,18.451666666666668,0.7688194444444444,5.5,0.134,1440,15.802933333333332,7.785779209012062,0.16761023269941464,0.33723333333333727,0.1397853535353535,5,1,0.34020144448322137,False,False,0.10977548315222035,False
2009-06-21,14.252366666666669,0.5938486111111112,3.892,0.146,1440,15.815714285714284,7.7907524912520545,-0.09884774034263669,-4.199299999999999,0.15258186308096383,6,1,-0.20066708842349182,False,False,0.09278619993720572,False
2009-06-22,18.234966666666665,0.7597902777777777,4.096,0.134,1440,17.817914285714284,3.9970820773763407,0.023406352408303886,3.982599999999996,0.18549567328559027,0,0,0.10433920867247522,False,False,0.18058531974803332,False
2009-06-23,17.320233333333334,0.7216763888888889,4.098,0.134,1440,18.585033333333335,3.351233178332745,-0.06805476090976435,-0.9147333333333307,0.17610453608806464,1,0,-0.3774133080853673,False,False,0.19052134773703855,False
2009-06-24,25.581233333333337,1.0658847222222223,4.91,0.138,1440,17.466990476190475,1.692182066174368,0.4645472766589936,8.261000000000003,0.21708446481104324,2,0,4.795135830441276,True,False,0.12950513264570507,False
2009-06-25,12.856033333333333,0.5356680555555555,4.558,0.134,1440,18.769033333333333,3.4194174580218855,-0.3150401991933522,-12.725200000000005,0.11752260981912144,3,0,-1.729241916961095,False,False,0.08357012003407888,False
2009-06-26,21.2887,0.8870291666666665,6.216,0.136,1440,17.830133333333333,4.052008854740035,0.19397312414938006,8.432666666666666,0.14270095988845985,4,0,0.8535437089731033,False,False,0.12923263180133565,False
2009-06-27,28.4842,1.1868416666666666,5.076,0.152,1440,18.2836,4.261339525835408,0.5579098208230328,7.195500000000003,0.23381435513527712,5,1,2.3937543437119673,False,False,0.08819541554513849,False
2009-06-28,17.656566666666663,0.7356902777777777,3.592,0.152,1440,19.71681904761905,5.75324927632248,-0.10449212806470314,-10.827633333333338,0.2048135517198713,6,1,-0.3581024012693774,False,False,0.09976458737091026,False
2009-06-29,16.835566666666665,0.7014819444444444,4.76,0.158,1440,20.203133333333334,5.3436590517972125,-0.16668536563635353,-0.820999999999998,0.1473701563958917,0,0,-0.6301986399252152,False,False,0.17386201202809953,False
2009-06-30,19.8741,0.8280875,5.222,0.14,1440,20.003219047619048,5.454588550727482,-0.006454913447264289,3.0385333333333335,0.1585766947529682,1,0,-0.02367163836799912,False,False,0.17912900582364388,False
2009-07-01,20.3057,0.8460708333333334,3.644,0.186,1440,20.368057142857143,5.329192075752849,-0.0030615164922104337,0.4316000000000031,0.23218189718258325,2,0,-0.011701049984829556,False,False,0.18521193905967454,False
2009-07-02,20.709633333333336,0.8629013888888889,5.174,0.184,1440,19.614409523809524,4.81754637351918,0.055837715032631643,0.4039333333333346,0.1667764570716832,3,0,0.227340584730845,False,False,0.17956584823447908,False
2009-07-03,14.402466666666664,0.6001027777777778,4.226,0.134,1440,20.73635238095238,3.7851705026357156,-0.30544840278195606,-6.307166666666673,0.14200255034968712,4,0,-1.673342247033591,False,False,0.1378754323064174,False
2009-07-04,20.6428,0.8601166666666666,5.156,0.136,1440,19.752604761904763,4.4535341604100225,0.04506723284475802,6.2403333333333375,0.166818593224722,5,1,0.19988512629108937,False,False,0.107902145752238,False
2009-07-05,23.512266666666665,0.979677777777778,4.594,0.204,1440,18.63240476190476,2.407334452170245,0.2619018836870226,2.869466666666664,0.2132515841919412,6,1,2.027080990081226,False,False,0.13128816351291805,False
2009-07-06,15.904333333333332,0.6626805555555555,5.13,0.134,1440,19.468933333333332,2.9646215849960926,-0.18309169480266,-7.607933333333333,0.12917749620965993,0,0,-1.2023794261096896,False,False,0.13972918218580904,False
2009-07-07,18.502266666666664,0.7709277777777778,5.398,0.136,1440,19.335900000000002,3.119341675679689,-0.04311324186271849,2.597933333333332,0.1428172985879544,1,0,-0.26724656033446353,False,False,0.17045062996143368,False
2009-07-08,20.57333333333333,0.8572222222222223,5.928,0.186,1440,19.13992380952381,3.1229845116918393,0.07489107783680261,2.071066666666667,0.14460563802669069,2,0,0.4589870742051766,False,False,0.16051477511227724,False
2009-07-09,14.1042,0.587675,5.484,0.184,1440,19.178157142857142,3.1412202985417648,-0.26456958846783274,-6.46913333333333,0.10716174325309992,3,0,-1.6152821708215124,False,False,0.09987275563379688,False
2009-07-10,19.7853,0.826683844011142,3.904,0.142,1436,18.234523809523807,3.5676814243739288,0.08504615786381155,5.681099999999999,0.21175303381432942,4,0,0.4346733931683176,False,False,0.17354586546551037,False
2009-07-11,16.566133333333333,0.6902555555555555,4.512,0.128,1440,19.0035,3.1609882065351695,-0.12825882951386144,-3.2191666666666663,0.15298217100078804,5,1,-0.7710774313006117,False,False,0.10613324171238209,False
2009-07-12,8.557966666666665,0.3565819444444444,2.122,0.128,1440,18.421119047619047,3.1840843114107327,-0.5354263416601288,-8.008166666666668,0.1680405016232066,6,1,-3.0976417130683447,True,False,0.0310958915366798,False
2009-07-13,8.2791,0.3449625,1.918,0.128,1440,16.284790476190473,4.087481903492487,-0.4916053717667025,-0.2788666666666657,0.17985531803962462,0,0,-1.9585873809863552,False,False,0.09912583655422363,False
2009-07-14,15.1905,0.6329374999999999,4.432,0.128,1440,15.195471428571425,5.097140870441461,-0.00032716514224608246,6.9114,0.14281080776173283,1,0,-0.0009753367030239207,False,False,0.12292965017419022,False
2009-07-15,11.9679,0.4986624999999999,4.228,0.122,1440,14.722361904761906,4.888479176194551,-0.18709375048517063,-3.2226,0.11794288079470197,2,0,-0.5634598830195127,False,False,0.1189449898944619,False
2009-07-16,9.992566666666669,0.4163569444444444,2.362,0.142,1440,13.493014285714285,4.206294820150439,-0.2594266592271907,-1.9753333333333316,0.17627305014582742,3,0,-0.8321926466681719,False,False,0.13364432053613556,False
2009-07-17,12.1968,0.5082,2.062,0.138,1440,12.905638095238094,4.38979890800873,-0.05492468408049045,2.204233333333331,0.24645974781765279,4,0,-0.1614739331099868,False,False,0.13640734981236668,False
2009-07-18,16.106833333333334,0.6711180555555555,2.63,0.138,1440,11.821566666666667,3.177216659337826,0.36249566470321193,3.9100333333333346,0.2551779678918462,5,1,1.3487486457910531,False,False,0.0644171221591584,False
2009-07-19,20.06073333333333,0.8358638888888889,3.492,0.122,1440,11.755952380952381,3.0656890229010068,0.7064319999999998,3.9538999999999973,0.2393653748249968,6,1,2.7089443483482496,True,False,0.043190555459319824,False
2009-07-20,11.041433333333334,0.4600597222222222,4.632,0.128,1440,13.39920476190476,4.004810033707955,-0.17596353443861085,-9.019299999999998,0.09932204711187871,0,0,-0.5887348984661888,False,False,0.05991239973556073,False
2009-07-21,13.5627,0.5651125,2.178,0.146,1440,13.79382380952381,3.5233640275506772,-0.016755601109261147,2.5212666666666657,0.25946395775941233,1,0,-0.0655974823255715,False,False,0.13739475997673,False
2009-07-22,12.325533333333333,0.5135638888888889,2.46,0.146,1440,13.561280952380953,3.4691196048194874,-0.09112322231113869,-1.237166666666667,0.20876580849141826,2,0,-0.3562136103150935,False,False,0.16030786287741722,False
2009-07-23,17.166666666666664,0.7152777777777778,3.988,0.128,1440,13.61237142857143,3.444287121609911,0.2611077178393041,4.841133333333332,0.17935751699543073,3,0,1.0319392990773382,False,False,0.15094778394382358,False
2009-07-24,9.3623,0.3900958333333333,2.294,0.128,1440,14.637242857142857,3.2495174171470036,-0.3603781742658405,-7.804366666666665,0.1700504940424295,4,0,-1.6233003797142678,False,False,0.11471591782367196,False
2009-07-25,8.9448,0.3727,2.18,0.13,1440,14.232314285714285,3.74338686747441,-0.3715147220309516,-0.41749999999999865,0.17096330275229354,5,1,-1.4124947468444977,False,False,0.06231182442485317,False
2009-07-26,9.050266666666667,0.3770944444444444,2.512,0.142,1440,13.209166666666665,4.106779755207364,-0.31484953630685747,0.1054666666666666,0.15011721514508136,6,1,-1.012691268560615,False,False,0.06307253027697834,False
2009-07-27,11.4761,0.4781708333333334,2.51,0.23,1440,11.636242857142857,3.00631829083741,-0.013762419632257305,2.4258333333333333,0.19050630810092964,0,0,-0.0532687632014669,False,False,0.1409722582275853,False
2009-07-28,15.0475,0.6269791666666666,5.34,0.158,1440,11.698338095238096,2.9964577595849735,0.2862938203269409,3.571399999999999,0.11741182896379525,1,0,1.1177070305926091,False,False,0.09083597999297133,False
2009-07-29,15.033333333333331,0.6263888888888889,3.98,0.138,1440,11.910452380952382,3.1963168254209466,0.2621966699917437,-0.014166666666667993,0.15738414293690675,2,0,0.9770248454546349,False,False,0.132735826866194,False
2009-07-30,13.205433333333334,0.5502263888888889,2.898,0.138,1440,12.297280952380953,3.4115315800681545,0.073849852212781,-1.8278999999999979,0.18986417836055516,3,0,0.2662007839113239,False,False,0.14593840762605415,False
2009-07-31,16.263833333333338,0.6776597222222223,5.468,0.136,1440,11.731390476190475,2.72957523026485,0.38635171732981816,3.0584000000000042,0.12393191701211087,4,0,1.660493840539094,False,False,0.0930406996577251,False
2009-08-01,11.782766666666667,0.4909486111111111,2.14,0.136,1440,12.71732380952381,2.967307489697695,-0.07348693458267275,-4.4810666666666705,0.2294152388369678,5,1,-0.3149512297265674,False,False,0.07209516462000826,False
2009-08-02,8.162066666666668,0.3400861111111111,2.056,0.132,1440,13.122747619047619,2.5271975365687727,-0.37802151625476216,-3.6206999999999994,0.165411532641591,6,1,-1.9629177698218905,False,False,0.05104662289988304,False
2009-08-03,8.3383,0.3474291666666667,1.972,0.134,1440,12.995861904761906,2.7758157613398584,-0.35838807298000724,0.17623333333333235,0.17618111899932387,0,0,-1.6779074352232035,False,False,0.12026720187795209,False
2009-08-04,8.481533333333333,0.3533972222222222,1.914,0.132,1440,12.547604761904763,3.271278655003362,-0.3240516023357902,0.14323333333333288,0.18463804713804713,1,0,-1.242960890033763,False,False,0.12307135596312607,False
2009-08-05,8.6442,0.360175,2.104,0.134,1440,11.609609523809524,3.3747147885920805,-0.25542715435242896,0.16266666666666652,0.17118583650190114,2,0,-0.8787141164740276,False,False,0.12905370173605102,False
2009-08-06,8.877866666666666,0.3699111111111111,1.988,0.134,1440,10.69687619047619,3.150989087614891,-0.1700505354478211,0.23366666666666625,0.18607198748043818,3,0,-0.5772820765896101,False,False,0.13845407974448293,False
2009-08-07,8.988266666666666,0.3745111111111111,2.018,0.134,1440,10.07865238095238,2.9975802835983223,-0.10818764980389954,0.11040000000000028,0.18558528796388063,4,0,-0.3637552996501584,False,False,0.14160202916870696,False
2009-08-08,8.774533333333334,0.3656055555555555,2.012,0.136,1440,9.039285714285715,1.2438797809999433,-0.029289082049255833,-0.213733333333332,0.18171250276121048,5,1,-0.21284402640546857,False,False,0.080966506323979,False
2009-08-09,16.637233333333334,0.6932180555555556,5.446,0.136,1440,8.609538095238095,0.29834164758049186,0.9324188068272011,7.8627,0.12728939690700616,6,1,26.907725767416988,True,True,-0.019200160639204378,True
2009-08-10,17.822633333333332,0.7426097222222222,5.344,0.152,1440,9.82027619047619,3.0143130627504857,0.8148810672573462,1.1853999999999978,0.1389614001164338,0,0,2.654786339795506,True,False,0.05733593951725502,False
2009-08-11,15.849233333333334,0.6603847222222222,5.06,0.154,1440,11.175180952380952,4.153464366395066,0.4182529482850604,-1.973399999999998,0.13051081466842337,1,0,1.1253382643099819,False,False,0.10280358230585573,False
2009-08-12,13.7406,0.5725250000000001,3.648,0.152,1440,12.227709523809523,4.288432325571746,0.12372639971898344,-2.1086333333333336,0.1569421600877193,2,0,0.35278403885941584,False,False,0.1335107726728284,False
2009-08-13,10.114033333333332,1.10535883424408,6.818,0.154,549,12.955766666666667,4.001681678347009,-0.2193411942687042,-3.626566666666669,0.16212361898563804,3,0,-0.7101347787631079,False,False,0.131648925972081,False
2009-08-14,12.477933333333334,0.5199138888888889,3.422,0.154,1440,13.132361904761904,3.8146344584564735,-0.04983327265686063,2.3639000000000028,0.15193275537372555,4,0,-0.17155734803836825,False,False,0.13859595315145923,False
2009-08-15,25.234366666666663,1.0514319444444444,5.516,0.15,1440,13.630885714285714,3.38682953517308,0.8512639013780327,12.756433333333328,0.19061492828942067,5,1,3.4260599276922172,True,False,0.01957153850067983,False
2009-08-16,20.2952,0.8456333333333333,4.448,0.154,1440,15.982290476190474,4.85071415852088,0.26985553355037933,-4.939166666666662,0.1901154076738609,6,1,0.8891287721486056,False,False,0.10532797217499479,False
2009-08-17,13.098466666666663,0.5457694444444444,3.232,0.144,1440,16.50485714285714,5.122455043770775,-0.20638715298815366,-7.196733333333338,0.16886430830583057,0,0,-0.664991775834687,False,False,0.15030127254457665,False
2009-08-18,18.009966666666664,0.7504152777777777,5.698,0.146,1440,15.82997619047619,5.229977468746962,0.13771280827965013,4.9115,0.13169801294801292,1,0,0.4168259785472408,False,False,0.13439270446243223,False
2009-08-19,14.679033333333331,0.6116263888888889,4.73,0.142,1440,16.138652380952383,5.294667232955045,-0.0904424367763051,-3.3309333333333324,0.12930790462767205,2,0,-0.2756772018709877,False,False,0.14842877934298643,False
2009-08-20,12.9287,0.5386958333333334,2.41,0.138,1440,16.272714285714283,5.2353769528180285,-0.20549824860195412,-1.750333333333332,0.22352524204702628,3,0,-0.6387341954268093,False,False,0.1556757210724336,False
2009-08-21,19.36243333333333,0.8067680555555556,5.912,0.14,1440,16.67480952380952,4.771029718256813,0.16117868127286367,6.433733333333329,0.1364627969478274,4,0,0.5633215402619167,False,False,0.1430697298011882,False
2009-08-22,25.8123,1.0755125,7.696,0.14,1440,17.65830952380952,4.461221687465419,0.4617650667633883,6.449866666666672,0.13974954521829525,5,1,1.8277483271231598,False,False,0.08043652773116777,False
2009-08-23,17.778466666666667,0.7407694444444445,4.554,0.14,1440,17.740871428571428,4.627061653025846,0.0021191314218473234,-8.033833333333334,0.16266347045332552,6,1,0.008125078270926839,False,False,0.11152017882507326,False
2009-08-24,20.8709,0.8696208333333333,4.81,0.148,1440,17.381338095238096,4.491290955320837,0.20076485973872896,3.0924333333333323,0.18079435204435204,0,0,0.7769618890149647,False,False,0.16492995365973362,False
2009-08-25,15.726833333333335,0.6552847222222222,4.518,0.154,1440,18.491685714285715,4.207812544139352,-0.1495186768622397,-5.144066666666664,0.1450386724706114,1,0,-0.6570759395646726,False,False,0.1618706606959261,False
2009-08-26,18.942433333333334,0.7892680555555556,7.056,0.15,1440,18.16552380952381,4.337852824660543,0.0427683523996268,3.2155999999999985,0.11185771762408667,2,0,0.17910001911379325,False,False,0.11057051198219592,False
2009-08-27,12.4911,0.5204625,2.676,0.15,1440,18.77458095238095,4.056951259161125,-0.3346802236661423,-6.451333333333334,0.1944927130044843,3,0,-1.5488184478904035,False,False,0.14146565669378636,False
2009-08-28,18.647366666666663,0.7769736111111112,4.25,0.14,1440,18.712066666666665,4.164003955196439,-0.003457661900876902,6.156266666666664,0.18281732026143793,4,0,-0.015537929525561586,False,False,0.17457588417968722,False
2009-08-29,23.14023333333333,0.9641763888888888,4.75,0.142,1440,18.609914285714286,4.154149274313952,0.24343578256546292,4.492866666666668,0.2029845029239766,5,1,1.0905527819212073,False,False,0.11899301756984265,False
2009-08-30,27.8057,1.158570833333333,6.93,0.192,1440,18.228190476190477,3.444105505262347,0.5254229450981212,4.665466666666671,0.1671819384319384,6,1,2.780840920574522,True,False,0.08877828095987955,False
2009-08-31,21.092033333333333,0.8788347222222221,4.784,0.18,1440,19.660652380952378,4.972155531925101,0.0728043467045735,-6.7136666666666684,0.18370291016350798,0,0,0.287879360006013,False,False,0.17160883051807685,False
2009-09-01,16.342266666666667,0.6809277777777777,3.414,0.186,1440,19.692242857142855,4.98181945052955,-0.170116538516133,-4.749766666666666,0.19945160450432856,1,0,-0.6724403049412191,False,False,0.18126180228498995,False
2009-09-02,20.380233333333337,0.8491763888888889,4.358,0.188,1440,19.780161904761904,4.905012906859432,0.030337033208356616,4.037966666666669,0.1948546096578451,2,0,0.12233839950395654,False,False,0.18428582240792118,False
2009-09-03,20.85313333333333,0.8688805555555557,4.45,0.182,1440,19.985561904761905,4.8941782105331635,0.04340990924877172,0.4728999999999921,0.19525405742821475,3,0,0.17726600692722053,False,False,0.18757088802070865,False
2009-09-04,17.07313333333333,0.7113805555555555,3.678,0.186,1440,21.180138095238096,3.6128132426250747,-0.19390830897500794,-3.7799999999999976,0.19341505045012383,4,0,-1.1367885595217233,False,False,0.1872103983563656,False
2009-09-05,25.2311,1.051295833333333,5.862,0.186,1440,20.95524761904762,3.8386856274310692,0.20404685540751025,8.15796666666667,0.17934081087228473,5,1,1.1138844896277362,False,False,0.12011672581325583,False
2009-09-06,20.477166666666665,0.8532152777777778,4.412,0.136,1440,21.253942857142857,4.108877851123368,-0.03654739243900519,-4.753933333333336,0.19338514908834492,6,1,-0.18904825566031866,False,False,0.12617912040162238,False
2009-09-07,20.35763333333333,0.8482347222222223,6.746,0.132,1440,20.20700952380952,2.9241134534736535,0.007454037637104611,-0.1195333333333366,0.12573891524195407,0,0,0.051510932089477025,False,False,0.15363069199976526,False
2009-09-08,18.104233333333333,0.7543430555555555,4.792,0.134,1440,20.102095238095238,2.900143912229662,-0.09938575462401456,-2.2533999999999956,0.15741716518271193,1,0,-0.68888371240375,False,False,0.18877834676240984,False
2009-09-09,25.35573333333333,1.056488888888889,4.854,0.134,1440,20.35380476190476,2.5780045831091214,0.24574906902862886,7.2514999999999965,0.21765325275832076,2,0,1.940232614092621,False,False,0.1637633481885506,False
2009-09-10,18.53923333333333,0.7724680555555555,5.39,0.132,1440,21.064590476190478,3.197882696046624,-0.11988636312258653,-6.816500000000001,0.1433150381364667,3,0,-0.7896966158199353,False,False,0.17012907466269395,False
2009-09-11,20.23576666666667,0.8431569444444444,3.764,0.132,1440,20.734033333333333,3.3398243673608516,-0.02403134299324279,1.6965333333333419,0.2240055644113827,4,0,-0.14918948179912694,False,False,0.18804220354494838,False
2009-09-12,34.405966666666664,1.4335819444444446,5.758,0.132,1440,21.185838095238093,2.9536347350864722,0.6240078165423174,14.170199999999994,0.2489722029253985,5,1,4.475884717357081,True,False,0.05010282466822402,False
2009-09-13,26.1717,1.0912453092425294,5.894,0.13,1439,22.496533333333332,5.7550839902165425,0.16336591119224309,-8.234266666666663,0.18514511524304875,6,1,0.6385947925198545,False,False,0.11848968765477663,False
2009-09-14,26.247633333333333,1.0936513888888888,7.344,0.186,1440,23.31003809523809,5.824122662348974,0.1260227557798522,0.07593333333333163,0.14891767277898812,0,0,0.5043841636588156,False,False,0.16516555287574503,False
2009-09-15,24.2801,1.0116708333333333,6.06,0.182,1440,24.151466666666664,5.751509748688723,0.005326108559314689,-1.967533333333332,0.16694238173817383,1,0,0.022365142189433584,False,False,0.18873610397782203,False
2009-09-16,29.0527,1.2105291666666669,5.696,0.182,1440,25.033733333333334,5.106824528420391,0.16054204193807825,4.772600000000001,0.2125226767322098,2,0,0.7869795886466042,False,False,0.18321799842167186,False
2009-09-17,20.39043333333333,0.8496013888888888,3.308,0.182,1440,25.561871428571433,5.331882730623745,-0.20231062149298654,-8.662266666666671,0.25683234246943437,3,0,-0.9699084463234484,False,False,0.15716270090039142,False
2009-09-18,22.900533333333332,0.9541888888888888,6.83,0.136,1440,25.82632857142857,4.958336478633323,-0.11328730795022941,2.5101000000000013,0.1397055474215064,4,0,-0.5900759762277529,False,False,0.16512429834163955,False
2009-09-19,35.59516666666667,1.4831319444444444,7.826,0.154,1440,26.207009523809525,4.542430943592159,0.3582307677771415,12.69463333333334,0.1895134097168981,5,1,2.066769370726632,False,False,0.07793855067846506,False
2009-09-20,33.922133333333335,1.413422222222222,6.754,0.136,1440,26.376895238095237,4.907725907195785,0.2860548228716764,-1.6730333333333363,0.20927187181258838,6,1,1.5374204342127482,False,False,0.13549966995325402,False
2009-09-21,23.63113333333333,0.9846305555555556,5.59,0.184,1440,27.484100000000005,5.668948133113212,-0.14018893348032765,-10.291000000000004,0.1761414231763069,0,0,-0.6796616543659826,False,False,0.18985137540785385,False
2009-09-22,20.7756,0.86565,4.648,0.182,1440,27.110314285714285,5.847511288442931,-0.23366436179798722,-2.85553333333333,0.18624139414802068,1,0,-1.0833180088483567,False,False,0.18881449414014018,False
2009-09-23,27.276833333333336,1.1365347222222222,5.574,0.132,1440,26.609671428571428,6.2653055112596014,0.025072158690601525,6.501233333333335,0.20389930430969183,2,0,0.10648513525205243,False,False,0.1890054399337207,False
2009-09-24,23.770966666666663,0.9904569444444444,5.794,0.128,1440,26.355976190476188,6.185338934206214,-0.09808058351273007,-3.505866666666673,0.17094527864073947,3,0,-0.4179252828836724,False,False,0.19645856457172,False
2009-09-25,19.350266666666663,0.8062611111111112,3.08,0.13,1440,26.838909523809523,5.759231818172598,-0.2790218749573071,-4.4207,0.2617730880230881,4,0,-1.3002850195252262,False,False,0.14471714333676,False
2009-09-26,25.937566666666665,1.0807319444444443,3.818,0.134,1440,26.331728571428567,6.2952474667751135,-0.014969085819515457,6.587300000000003,0.2830623217507712,5,1,-0.06261261480858352,False,False,0.08498378327350875,False
2009-09-27,23.507866666666665,0.9794944444444444,5.604,0.128,1440,24.952071428571426,4.809725311762127,-0.05787915308109734,-2.4297000000000004,0.1747848758823063,6,1,-0.3002676178560499,False,False,0.14135818278883233,False
2009-09-28,21.6576,0.9024,3.806,0.122,1440,23.46431904761905,2.736500570603322,-0.07699857148858454,-1.8502666666666663,0.23709931686810298,0,0,-0.660229735388186,False,False,0.19005058734413272,False
2009-09-29,19.10663333333333,0.7961097222222222,4.814,0.122,1440,23.182385714285715,2.816931371707933,-0.17581246517008717,-2.5509666666666675,0.1653738517287541,1,0,-1.4468767048737916,False,False,0.18979387652875263,False
2009-09-30,29.5456,1.232778859527121,4.702,0.124,1438,22.943961904761903,3.1099794405319487,0.28772877686255055,10.43896666666667,0.2621818076408169,2,0,2.1227272467463374,False,False,0.12766157285774593,False
2009-10-01,21.4542,0.893925,5.406,0.124,1440,23.268071428571428,3.699197087729269,-0.07795538337329201,-8.0914,0.16535793562708104,3,0,-0.4903419270598698,False,False,0.18680806141191203,False
2009-10-02,19.211133333333333,0.8004638888888889,3.7,0.122,1440,22.937104761904756,3.7499957324634883,-0.1624429703420864,-2.2430666666666674,0.21634159159159158,4,0,-0.9935935116714699,False,False,0.18972489360575867,False
2009-10-03,28.61233333333333,1.1921805555555556,5.594,0.154,1440,22.917228571428574,3.772477039590183,0.24850756906116347,9.401199999999996,0.21311772534064274,5,1,1.5096459705751937,False,False,0.129367261660987,False
2009-10-04,27.01843333333333,1.1257680555555556,6.332,0.124,1440,23.29933809523809,4.236335293380207,0.15962235591814283,-1.5938999999999979,0.17779028040991088,6,1,0.8779038911076706,False,False,0.14131148500848323,False
2009-10-05,21.2587,0.8857791666666667,4.084,0.214,1440,23.80084761904762,4.4666695817512485,-0.10680912124378121,-5.75973333333333,0.21689009957557953,0,0,-0.5691371552159714,False,False,0.19073596986967634,False
2009-10-06,23.807466666666667,0.9919777777777778,5.036,0.22,1440,23.743861904761904,4.500983142127559,0.0026787875603339374,2.5487666666666655,0.19697731885976527,1,0,0.014131304183178492,False,False,0.19711265125024652,False
2009-10-07,30.3639,1.2651625,6.284,0.244,1440,24.415409523809526,4.018631997413676,0.24363672746875698,6.5564333333333344,0.20133076066199873,2,0,1.4802277192882611,False,False,0.1708110413517202,False
2009-10-08,26.2861,1.0952541666666666,5.026,0.218,1440,24.53230952380952,4.200524652491945,0.07148900817871885,-4.0778,0.21791766149356678,3,0,0.4175170059173565,False,False,0.19033067938127307,False
2009-10-09,22.53103333333333,0.9387930555555556,3.404,0.218,1440,25.22258095238095,4.002752061920444,-0.10671182398538585,-3.7550666666666714,0.27579114440527486,4,0,-0.6724242664573805,False,False,0.17258349666033496,False
2009-10-10,33.54593333333333,1.3977472222222225,6.658,0.228,1440,25.69685238095238,3.308185222761447,0.305449120227621,11.0149,0.2099349988318147,5,1,2.3726243918800516,False,False,0.11474686101405834,False
2009-10-11,32.30473333333333,1.3469659485753998,6.492,0.226,1439,26.40165238095238,4.38359400001711,0.22358755683942574,-1.2411999999999992,0.20748089164747377,6,1,1.3466304024409899,False,False,0.14577848800739296,False
2009-10-12,22.526733333333333,0.938613888888889,3.756,0.212,1440,27.156838095238093,4.928982076920645,-0.1704949871434643,-9.777999999999999,0.2498972015146137,0,0,-0.9393632781877336,False,False,0.15904168737549151,False
2009-10-13,24.151666666666664,1.0063194444444443,4.736,0.216,1440,27.33798571428571,4.693778182944907,-0.11655280973952692,1.6249333333333311,0.2124829908033033,1,0,-0.6788388635825842,False,False,0.19814139609716291,False
2009-10-14,28.5204,1.18835,5.246,0.212,1440,27.38715714285714,4.652247867179233,0.041378623244158766,4.368733333333335,0.2265249714067861,2,0,0.24359038673276212,False,False,0.18733316512729437,False
2009-10-15,24.83293333333333,1.0347055555555555,5.266,0.218,1440,27.1238,4.5055189073864295,-0.0844596504422931,-3.687466666666669,0.19648795206144237,3,0,-0.5084578965834504,False,False,0.2036068251183703,False
2009-10-16,25.281,1.053375,5.082,0.22,1440,26.916204761904762,4.583355067763962,-0.060751683841368045,0.4480666666666693,0.20727567886658796,4,0,-0.3567702562268463,False,False,0.20222699798206656,False
2009-10-17,45.70133333333333,1.9042222222222225,8.126,0.222,1440,27.309057142857142,4.250621469582269,0.6734863124077796,20.420333333333332,0.2343369704925206,5,1,4.326961674214593,True,True,-4.621289526607342e-05,True
2009-10-18,25.93606666666667,1.0806694444444445,4.58,0.222,1440,29.04554285714286,8.027828864498389,-0.10705519279738682,-19.765266666666662,0.2359540271712761,6,1,-0.3873371297471577,False,False,0.06134707054897315,False
2009-10-19,22.818466666666662,0.9507694444444444,4.67,0.218,1440,28.13573333333333,7.957475140790447,-0.18898624761868665,-3.1176000000000066,0.20359088746133713,0,0,-0.6682102768263859,False,False,0.19886631524209697,False
2009-10-20,28.713466666666665,1.1963944444444443,5.124,0.23,1440,28.177409523809523,7.92389581338481,0.019024358587831917,5.895000000000003,0.2334883771359181,1,0,0.0676507055975737,False,False,0.18577286720478575,False
2009-10-21,32.8251,1.3677125,5.17,0.224,1440,28.82909523809524,7.722657584292752,0.13861013427241986,4.111633333333334,0.26454787234042554,2,0,0.5174390704609647,False,False,0.16808161544355732,False
2009-10-22,23.3285,0.9720208333333332,5.146,0.23,1440,29.444052380952378,7.86407651157773,-0.2077007710021799,-9.4966,0.1888886189920974,3,0,-0.7776567753313284,False,False,0.18667411842518478,False
2009-10-23,29.29083333333333,1.2204513888888888,8.708,0.226,1440,29.22913333333333,8.029906879424177,0.0021109076104435256,5.9623333333333335,0.1401528926147093,4,0,0.007683775282388625,False,False,0.15064771439857633,False
2009-10-24,43.57346666666666,1.815561111111111,5.752,0.232,1440,29.801966666666665,7.842145867374988,0.46210037592597347,14.28263333333333,0.3156399706382321,5,1,1.756088222904957,False,False,0.017223206216092635,False
2009-10-25,40.10893333333333,1.6712055555555556,6.586,0.224,1440,29.497985714285715,7.132239383533241,0.3597177014669444,-3.4645333333333284,0.2537512231332456,6,1,1.4877441780131417,False,False,0.08411882194478748,False
2009-10-26,18.539066666666667,0.7724611111111112,3.848,0.226,1440,31.52268095238095,7.920671669397282,-0.4118816640414467,-21.569866666666666,0.200743531993532,0,0,-1.6392062223559205,False,False,0.10042737855277073,False
2009-10-27,18.6126,0.775525,5.014,0.212,1440,30.911338095238097,8.818701256723985,-0.3978714236616215,0.07353333333333367,0.15467191862784205,1,0,-1.3946201075652371,False,False,0.16285487981636493,False
2009-10-28,21.14513333333333,0.8810472222222223,5.218,0.218,1440,29.46835714285714,9.98724113430283,-0.2824461427956218,2.5325333333333298,0.16884768536263364,2,0,-0.8333856865572539,False,False,0.17795915890473057,False
2009-10-29,33.024,1.376,6.032,0.218,1440,27.799790476190473,10.303635618677927,0.18792262223285014,11.87886666666667,0.22811671087533156,3,0,0.5070258418629766,False,False,0.13274250731933918,False
2009-10-30,24.8893,1.0370541666666666,5.978,0.22,1440,29.184861904761906,10.253945650052682,-0.14718458900986023,-8.134700000000002,0.1734784487565518,4,0,-0.41891795132928544,False,False,0.18588511366758564,False
2009-10-31,31.2657,1.3027375,6.064,0.216,1440,28.556071428571425,10.380537785191573,0.09488800230123702,6.3764,0.2148313819261214,5,1,0.2610296910911507,False,False,0.13943329026054369,False
2009-11-01,30.719466666666666,1.2799777777777777,5.216,0.218,1440,26.797819047619043,8.233196579203051,0.14634204418198937,-0.5462333333333333,0.24539451261077025,6,1,0.4763213876070509,False,False,0.13044219611302288,False
2009-11-02,25.07043333333333,1.0446013888888888,4.366,0.226,1440,25.456466666666667,6.222434257349699,-0.015164450683127164,-5.649033333333335,0.23925822008449127,0,0,-0.06203895732242885,False,False,0.18012884124812256,False
2009-11-03,37.77813333333334,1.5740888888888889,6.938,0.212,1440,26.389519047619046,5.4546099811302104,0.43155823587250297,12.707700000000006,0.226879344031261,1,0,2.0878879195968723,False,False,0.09582410095277516,False
2009-11-04,30.029999999999998,1.25125,5.97,0.24,1440,29.12745238095238,5.704716370229415,0.030986150358890616,-7.748133333333339,0.20958961474036852,2,0,0.15821077867387842,False,False,0.1745312712149939,False
2009-11-05,26.00776666666667,1.0836569444444444,5.268,0.214,1440,30.396719047619047,4.492264516504428,-0.144389016922409,-4.022233333333329,0.20570557031975026,3,0,-0.977002214546253,False,False,0.19810473639772097,False
2009-11-06,23.174166666666665,0.9655902777777778,4.19,0.218,1440,29.3944,4.590033340555264,-0.21161286957152847,-2.833600000000004,0.23045114028109254,4,0,-1.3551608173244476,False,False,0.18312779376903537,False
2009-11-07,25.95293333333333,1.0813722222222222,4.318,0.22,1440,29.149380952380948,4.9055338272147955,-0.1096574786363183,2.778766666666666,0.2504335855076939,5,1,-0.6516003622917544,False,False,0.11172946078406998,False
2009-11-08,41.80003333333333,1.7416680555555557,6.23,0.22,1440,28.390414285714286,4.93443396014029,0.47232910772868164,15.847100000000001,0.2795614856429463,6,1,2.7175597355117502,True,False,0.04294101756608959,False
2009-11-09,23.41253333333333,0.9762001389854064,5.818,0.23,1439,29.97335238095238,7.105694640655818,-0.21888839674097832,-18.387500000000003,0.16778964231443905,0,0,-0.9233184620798064,False,False,0.1316899900466138,False
2009-11-10,26.76973333333333,1.1154055555555555,5.452,0.232,1440,29.736509523809524,7.320729102722707,-0.09976881073082046,3.3572000000000024,0.20458649221488545,1,0,-0.4052569284899228,False,False,0.1942863389887896,False
2009-11-11,34.008,1.417,6.91,0.254,1440,28.163880952380953,6.434028943534919,0.2075040388609863,7.2382666666666715,0.20506512301013025,2,0,0.9083140748832617,False,False,0.16276466868080436,False
2009-11-12,24.38443333333333,1.0160180555555556,5.83,0.224,1440,28.732166666666664,6.79204261432571,-0.15131936911591543,-9.623566666666672,0.17427410901467505,3,0,-0.6401216217582525,False,False,0.1834758992406494,False
2009-11-13,25.548766666666666,1.0645319444444443,4.838,0.222,1440,28.500261904761903,6.926940501843964,-0.10356028474257963,1.1643333333333352,0.22003554039777684,4,0,-0.42608930123039807,False,False,0.1965581083771064,False
2009-11-14,42.67426666666667,1.7780944444444446,6.038,0.224,1440,28.839490476190473,6.676245573998925,0.4797163875657933,17.125500000000002,0.29448400868573116,5,1,2.0722389608250236,False,False,0.022699895879331744,False
2009-11-15,32.788466666666665,1.366186111111111,8.726,0.218,1440,31.22825238095238,8.272031852615722,0.04996162662839034,-9.885800000000003,0.15656499095932971,6,1,0.18861318639880778,False,False,0.09234429773772268,False
2009-11-16,25.24113333333333,1.0517138888888888,7.116,0.216,1440,29.940885714285713,6.947776519569011,-0.15696771384121036,-7.547333333333334,0.1477956561114234,0,0,-0.6764397743242209,False,False,0.16261996314732646,False
2009-11-17,28.471566666666668,1.186315277777778,4.04,0.222,1440,30.202114285714284,6.691041230156351,-0.05729888982858965,3.2304333333333375,0.29364239548954896,1,0,-0.2586365200154623,False,False,0.16449987377597303,False
2009-11-18,43.98623333333333,1.8327597222222225,8.432,0.218,1440,30.44523333333333,6.575459482325557,0.44476584730833624,15.514666666666663,0.21735765206620286,2,0,2.0593237683841563,False,False,0.04251142662107166,False
2009-11-19,24.580800000000004,1.0242,3.968,0.226,1440,31.87069523809524,8.32528065200233,-0.22873348647197317,-19.405433333333328,0.2581149193548387,3,0,-0.875633572345928,False,False,0.11413685293171921,False
2009-11-20,32.6836,1.361816666666667,6.408,0.22,1440,31.89874761904762,8.296130969020043,0.02460448887603734,8.102799999999995,0.21251820640865587,4,0,0.09460462761294718,False,False,0.16574984822878847,False
2009-11-21,41.614266666666666,1.733927777777778,8.018,0.22,1440,32.91800952380952,7.809995792589492,0.2641793130464696,8.930666666666667,0.21625439982262132,5,1,1.1134778268521706,False,False,0.10809079890678347,False
2009-11-22,40.8496,1.7020666666666668,7.84,0.224,1440,32.76658095238095,7.596666223340144,0.24668484818010009,-0.7646666666666633,0.21710034013605445,6,1,1.064021876173081,False,False,0.114836127393311,False
2009-11-23,24.518699999999995,1.0216125,4.764,0.224,1440,33.918171428571426,8.18848398482828,-0.27712199781659397,-16.330900000000007,0.21444426952141057,0,0,-1.1478890898470195,False,False,0.14450442366813088,False
2009-11-24,35.48093333333333,1.4783722222222224,9.732,0.228,1440,33.81496666666667,8.319576654783326,0.04926713910704221,10.962233333333337,0.15190836644289174,1,0,0.20024656731888127,False,False,0.11868987335254916,False
2009-11-25,33.00216666666667,1.3750902777777778,5.69,0.232,1440,34.81630476190476,7.984327458595709,-0.05210599193809571,-2.4787666666666652,0.24166788713141962,2,0,-0.22721238634633417,False,False,0.18173165668674712,False
2009-11-26,26.660433333333337,1.110851388888889,5.964,0.226,1440,33.24715238095238,6.885549390540868,-0.1981137804569584,-6.34173333333333,0.1862594548774126,3,0,-0.9566003631703884,False,False,0.18532116502439733,False
2009-11-27,23.000433333333334,0.9583513888888888,3.038,0.216,1440,33.54424285714286,6.482362062057229,-0.3143254587296295,-3.6600000000000037,0.31545470338673104,4,0,-1.6265382005619364,False,False,0.10774479918800256,False
2009-11-28,30.9825,1.2909375,5.834,0.216,1440,32.16093333333333,7.6284828537285705,-0.03664176412790666,7.982066666666668,0.22127828248200207,5,1,-0.1544780732852206,False,False,0.11928317508122854,False
2009-11-29,27.516033333333333,1.1465013888888889,6.436,0.226,1440,30.642109523809527,6.390590968462296,-0.10201896145717941,-3.466466666666669,0.1781388112008839,6,1,-0.48916856139024506,False,False,0.12865726045262316,False
2009-11-30,29.0865,1.2119375,4.854,0.29,1440,28.737314285714287,4.568363926520515,0.012150951575154625,1.5704666666666682,0.24967810053564068,0,0,0.07643561675518047,False,False,0.18833676624587947,False
2009-12-01,29.272966666666665,1.2197069444444444,4.088,0.28,1440,29.389857142857146,4.174610414944418,-0.003977238665104889,0.18646666666666434,0.298362755490324,1,0,-0.028000331664969715,False,False,0.15903065219581797,False
2009-12-02,39.09446666666666,1.6289361111111111,6.044,0.23,1440,28.503004761904766,3.2138019256898556,0.37159106533630254,9.821499999999997,0.269512923744393,2,0,3.2956175114894166,True,False,0.1026814469688695,False
2009-12-03,24.66146666666667,1.0275611111111111,5.486,0.284,1440,29.373333333333335,4.976703085116586,-0.16041307308216066,-14.432999999999993,0.18730607202171184,3,0,-0.9467847661553398,False,False,0.16949527567644407,False
2009-12-04,28.521566666666665,1.1883986111111111,4.63,0.284,1440,29.087766666666663,5.210189766395599,-0.019465227650111737,3.8600999999999956,0.2566735661147108,4,0,-0.10867166559879349,False,False,0.18485847038238423,False
2009-12-05,39.19603333333333,1.6331680555555557,6.01,0.26,1440,29.8765,4.505306460945638,0.31193524453444454,10.674466666666667,0.27174177297097435,5,1,2.0685681238601505,False,False,0.08395248888011281,False
2009-12-06,39.63813333333333,1.651588888888889,8.494,0.268,1440,31.049861904761908,5.741366508020481,0.27659612319416776,0.4420999999999964,0.19444182821861186,6,1,1.4958584191714492,False,False,0.10866392511045692,False
2009-12-07,29.043966666666662,1.2101652777777778,5.038,0.236,1440,32.78159047619047,6.2989153976348895,-0.11401593867870677,-10.594166666666666,0.24020747871730405,0,0,-0.5933757756021315,False,False,0.15987503284564947,False
2009-12-08,33.44806666666666,1.3936694444444444,6.022,0.24,1440,32.77551428571429,6.303093034283806,0.020519964235786753,4.4041,0.23142966530130263,1,0,0.10670196002093349,False,False,0.17855188309752318,False
2009-12-09,30.03926666666667,1.2516361111111112,5.09,0.24,1440,33.37195714285714,6.111030588228594,-0.09986499928440047,-3.4087999999999923,0.24590100414756605,2,0,-0.5453565365243114,False,False,0.18579287735618394,False
2009-12-10,34.2381,1.4285716272600837,5.662,0.244,1438,32.07835714285714,5.637878929491039,0.06732710305346068,4.198833333333333,0.25230865900036803,3,0,0.3830771969659573,False,False,0.17330366869426211,False
2009-12-11,29.74103333333333,1.2392097222222225,5.6,0.236,1440,33.44644761904762,4.605550943471479,-0.11078648255619436,-4.497066666666672,0.22128745039682546,4,0,-0.8045539678519537,False,False,0.18772054810970873,False
2009-12-12,30.273,1.261375,6.788,0.234,1440,33.62065714285714,4.406998163599482,-0.09957143694820272,0.5319666666666691,0.1858242486741308,5,1,-0.7596229947422741,False,False,0.13439720599270394,False
2009-12-13,35.6469,1.4852875,4.6,0.238,1440,32.34593809523809,3.770000552875074,0.1020518216241771,5.373900000000003,0.3228885869565218,6,1,0.8755865837326035,False,False,0.05456928241855319,False
2009-12-14,29.91436666666667,1.2464319444444445,6.974,0.238,1440,31.775761904761907,2.6051857547642543,-0.058579090681576684,-5.732533333333333,0.17872554408437688,0,0,-0.7144961677650802,False,False,0.18292780804638736,False
2009-12-15,32.33526666666667,1.3473027777777775,5.132,0.246,1440,31.900104761904764,2.470351388218085,0.013641394221425173,2.4208999999999996,0.26252976963713515,1,0,0.1761538487347731,False,False,0.17686587503089224,False
2009-12-16,23.2479,0.9686625,4.884,0.242,1440,31.741133333333334,2.3885871802760263,-0.26757813730658636,-9.087366666666668,0.1983338452088452,2,0,-3.5557560567464197,True,False,0.18614899949985403,False
2009-12-17,28.6197,1.1924875,4.24,0.24,1440,30.770938095238098,4.018328902455373,-0.06991135884710017,5.3718,0.28124705188679244,3,0,-0.5353564000009049,False,False,0.16629546057485772,False
2009-12-18,29.078433333333336,1.2116013888888888,4.936,0.242,1440,29.968309523809527,3.7633966996298027,-0.029693906817439688,0.45873333333333477,0.2454621938591752,4,0,-0.23645559091969381,False,False,0.19304932366080868,False
2009-12-19,36.7389,1.5307875,5.698,0.194,1440,29.873652380952382,3.7783689968351184,0.22980944986241258,7.6604666666666645,0.26865347490347485,5,1,1.8169870716169245,False,False,0.10789330518118595,False
2009-12-20,19.069433333333333,0.7945597222222222,5.688,0.204,1440,30.797352380952383,4.594489964030616,-0.38080932745610174,-17.66946666666667,0.13969052781684638,6,1,-2.5526052161251167,True,False,0.033724728924435565,False
2009-12-21,33.9161,1.4131708333333333,7.2,0.2,1440,28.42914285714286,5.794006771583464,0.19300466322284965,14.846666666666668,0.19627372685185185,0,0,0.947005648969511,False,False,0.09786757033950816,False
2009-12-22,31.467033333333333,1.3111263888888889,4.636,0.214,1440,29.000819047619046,6.151371121828624,0.08503947014961158,-2.449066666666667,0.2828141477327198,1,0,0.40092106895692436,False,False,0.16196402248145347,False
2009-12-23,24.25333333333333,1.0105555555555557,5.276,0.194,1440,28.876785714285713,6.081285255810751,-0.16010966132789156,-7.213700000000003,0.1915382023418415,2,0,-0.7602755316459808,False,False,0.19282692217401454,False
2009-12-24,48.43156666666666,2.017981944444444,7.57,0.2,1440,29.020419047619043,5.936324985047295,0.6688789568198944,24.17823333333333,0.2665762145897548,3,0,3.269893017639931,True,True,-0.032946837664355355,True
2009-12-25,35.4608,1.4775333333333334,5.878,0.244,1440,31.85068571428571,9.416288513977616,0.11334494704756312,-12.970766666666663,0.25136667800839285,4,0,0.38339036451096475,False,False,0.11281577590154618,False
2009-12-26,36.39363333333333,1.5164013888888888,6.446,0.24,1440,32.76245238095238,9.412113196850031,0.11083361251955792,0.9328333333333276,0.23524688006343294,5,1,0.3857986911585592,False,False,0.13457259712257558,False
2009-12-27,36.59086666666666,1.5246194444444443,6.464,0.242,1440,32.71312857142857,9.388677210311315,0.11853767171094985,0.1972333333333367,0.2358631566281628,6,1,0.4130228368038136,False,False,0.1354247669315229,False
2009-12-28,34.90163333333333,1.4542347222222225,4.952,0.266,1440,35.21619047619048,7.233173107844379,-0.008932174054141886,-1.689233333333334,0.2936661393825167,0,0,-0.04348812591198873,False,False,0.1493345779030245,False
2009-12-29,34.1328,1.4222,5.216,0.25,1440,35.356980952380944,7.2132137600702215,-0.03462345820842784,-0.7688333333333262,0.27266104294478527,1,0,-0.16971366621041648,False,False,0.16792086830148872,False
2009-12-30,40.85183333333333,1.7021597222222222,7.84,0.248,1440,35.73780476190476,7.041951145323462,0.14309856482511046,6.7190333333333285,0.21711220946712018,2,0,0.7262232392544757,False,False,0.1410644029257947,False
2009-12-31,36.86486666666667,1.536036111111111,4.69,0.242,1440,38.10901904761904,5.040437472961692,-0.032647189879061005,-3.9869666666666603,0.32751303008765686,3,0,-0.24683420588517382,False,False,0.10323626177087242,False
2010-01-01,20.4042,0.850175,4.976,0.322,1440,36.456633333333336,2.1724155323477707,-0.4403158455845713,-16.460666666666672,0.1708551045016077,4,0,-7.389209428080809,True,False,0.11956262383697736,False
2010-01-02,21.81393333333333,0.9095455177206392,6.236,0.248,1439,34.30569047619047,6.488700192663045,-0.3641307599252935,1.4097333333333317,0.1458539957858626,5,1,-1.9251555430133631,False,False,0.08524007026748559,False
2010-01-03,34.72423333333333,1.4468430555555556,6.382,0.272,1440,32.22287619047619,7.894481879152403,0.07762674964429278,12.9103,0.22670684041923467,6,1,0.31684880415808847,False,False,0.10206572508380124,False
2010-01-04,26.735533333333333,1.1139805555555555,4.56,0.298,1440,31.95621428571428,7.752599043734378,-0.16336981926907418,-7.988699999999998,0.2442939814814815,0,0,-0.6734104166782989,False,False,0.1724728820737193,False
2010-01-05,36.99633333333334,1.541513888888889,5.544,0.252,1440,30.78962857142857,7.849313263342592,0.20158426879057326,10.260800000000007,0.27805084575917915,1,0,0.7907322021266451,False,False,0.11845743161145261,False
2010-01-06,29.619666666666667,1.234152777777778,5.304,0.242,1440,31.19870476190476,8.122451371864784,-0.05061229648117255,-7.376666666666672,0.2326834045584046,2,0,-0.19440413034760612,False,False,0.17868325579521377,False
2010-01-07,29.4907,1.2287791666666668,4.908,0.24,1440,29.594109523809525,6.91776320632504,-0.0034942603603709734,-0.1289666666666669,0.25036250339581634,3,0,-0.014948404668574876,False,False,0.19195171293594682,False
2010-01-08,29.953466666666664,1.248061111111111,5.454,0.242,1440,28.540657142857146,6.144253919169441,0.04950164660672856,0.46276666666666344,0.22883408711241496,4,0,0.229939963809389,False,False,0.18740777203701192,False
2010-01-09,38.94833333333333,1.6228472222222223,8.154,0.246,1440,29.904838095238095,4.9879572565081896,0.30240910214241484,8.994866666666667,0.19902467773144744,5,1,1.8130659051449287,False,False,0.10559007995062003,False
2010-01-10,41.807766666666666,1.7419902777777776,7.35,0.238,1440,32.35260952380952,4.539810514511928,0.2922533076010062,2.8594333333333353,0.23700547996976568,6,1,2.0827206581933,False,False,0.10805211676250875,False
2010-01-11,25.3114,1.0546416666666667,5.36,0.246,1440,33.36454285714286,5.77734960355932,-0.24136829602683435,-16.496366666666667,0.19676150497512437,0,0,-1.3939164858885231,False,False,0.14815022909575143,False
2010-01-12,21.375633333333333,1.4362127659574468,6.46,0.246,893,33.161095238095236,6.0674846068394634,-0.3554002610632367,-3.935766666666666,0.22232395757855214,1,0,-1.942396671509797,False,False,0.1746726577522179,False
2010-01-14,10.308133333333334,2.0754630872483224,5.886,0.24,298,30.929566666666663,7.190459413128839,-0.6667223487342747,-11.067499999999999,0.3526101065661438,3,0,-2.8678881485209815,True,True,-0.013471260215066727,True
2010-01-15,36.61266666666667,1.525527777777778,9.098,0.238,1440,28.170776190476193,10.649471347611556,0.29966836622146253,26.304533333333335,0.16767726728707166,4,0,0.7927051212813309,False,False,0.030023177584628802,False
2010-01-16,35.8352,1.4931333333333334,6.634,0.244,1440,29.1882,11.126130634631718,0.22772901377954113,-0.777466666666669,0.22507285699929655,5,1,0.5974224299785081,False,False,0.13665581408805738,False
2010-01-17,31.77593333333333,1.3239972222222225,5.12,0.244,1440,30.028447619047622,11.411978800753067,0.05819434079493491,-4.0592666666666695,0.2585932074652778,6,1,0.15312731865313262,False,False,0.1176002054563502,False
2010-01-18,31.35163333333333,1.3063180555555556,4.906,0.24,1440,29.00381904761905,10.782237399948004,0.08094845309369743,-0.42430000000000234,0.2662694772840513,0,0,0.21774833910869007,False,False,0.17393313123001009,False
2010-01-19,40.55846666666667,1.689936111111111,6.674,0.244,1440,27.51008571428571,9.340702529647125,0.4743126243916086,9.20683333333334,0.2532118835947125,1,0,1.3969378546170126,False,False,0.09320275296509029,False
2010-01-20,39.19546666666667,1.6331444444444445,6.01,0.26,1440,29.688238095238095,10.453930158317254,0.320235526976372,-1.3629999999999995,0.2717378443335182,2,0,0.9094406053463563,False,False,0.11495206251672269,False
2010-01-21,35.63093333333333,1.484622222222222,5.348,0.238,1440,32.23392857142857,10.260215654878037,0.1053859989289605,-3.564533333333337,0.27760325770796973,3,0,0.3310851229807938,False,False,0.14816877602744316,False
2010-01-22,29.843766666666667,1.2434902777777777,5.228,0.236,1440,35.85147142857143,3.435718798502243,-0.16757205555354107,-5.787166666666664,0.237852004165604,4,0,-1.748601999827152,False,False,0.1710388500873763,False
2010-01-23,43.47516666666666,1.8127241139680332,7.042,0.234,1439,34.88448571428571,4.078248208250216,0.2462607883269708,13.631399999999992,0.2574160911627426,5,1,2.1064634896429726,False,False,0.0673923899333303,False
2010-01-24,37.82366666666667,1.575986111111111,9.122,0.258,1440,35.97590952380953,5.233707270140787,0.051360957021371785,-5.6514999999999915,0.17276760700626081,6,1,0.35304938688468834,False,False,0.09818980014742995,False
2010-01-25,32.17516666666667,1.3406319444444443,6.048,0.256,1440,36.83987142857143,4.914257251192706,-0.1266210923387483,-5.6484999999999985,0.2216653347295708,0,0,-0.9492186760822543,False,False,0.1785327428531432,False
2010-01-26,34.4594,1.4358083333333331,4.666,0.256,1440,36.957519047619044,4.768671589573656,-0.06759433836454942,2.284233333333333,0.30771717388198305,1,0,-0.5238605764089506,False,False,0.13413649339437755,False
2010-01-27,46.01503333333333,1.917293055555556,7.078,0.27,1440,36.08622380952381,4.553406410822241,0.2751412720881348,11.555633333333326,0.27088062384226563,2,0,2.1805234648528997,False,False,0.06746195215045925,False
2010-01-28,35.170566666666666,1.4654402777777775,5.166,0.264,1440,37.06044761904762,5.86900251108592,-0.05099455278596342,-10.844466666666662,0.2836702047576031,3,0,-0.3220105884792471,False,False,0.1277271264361302,False
2010-01-29,34.88316666666667,1.4534652777777777,5.964,0.234,1440,36.99468095238095,5.8902320977303475,-0.05707615882489155,-0.2873999999999981,0.24370645167300092,4,0,-0.3584772638293667,False,False,0.17659783795592798,False
2010-01-30,47.3788,1.9741166666666667,8.006,0.238,1440,37.714595238095235,5.129392205653462,0.2562457505083608,12.49563333333333,0.24657964859688566,5,1,1.8840838006602743,False,False,0.0476272646349184,False
2010-01-31,29.9866,1.2494416666666666,4.89,0.24,1440,38.27225714285714,5.998607467469722,-0.21649251341329678,-17.3922,0.2555095432856169,6,1,-1.381263432853379,False,False,0.0402526916161855,False
2010-02-01,28.22963333333333,1.1762347222222225,4.3,0.226,1440,37.15267619047619,6.777123278646245,-0.2401722775338111,-1.7569666666666706,0.2735429586563308,0,0,-1.3166416619951575,False,False,0.15347736523707733,False
2010-02-02,35.9572,1.4982166666666663,5.124,0.228,1440,36.58902857142857,7.395917814414029,-0.017268252153651038,7.727566666666672,0.2923920114493884,1,0,-0.0854293662102612,False,False,0.125230643159148,False
2010-02-03,48.38356666666667,2.0159819444444445,7.388,0.252,1440,36.803,7.3455315781218875,0.3146636596654259,12.426366666666667,0.2728724884196595,2,0,1.5765457603039261,False,False,0.05063268595377146,False
2010-02-04,38.6045,1.6085208333333334,6.124,0.25,1440,37.1413619047619,7.875992527163617,0.039393765338758664,-9.779066666666665,0.2626585292836926,3,0,0.1857718998833308,False,False,0.12335139634933123,False
2010-02-05,34.98153333333334,1.4575638888888889,4.482,0.238,1440,37.63192380952381,7.839640000940043,-0.07042931128383391,-3.622966666666663,0.32520390202786453,4,0,-0.33807553355417697,False,False,0.11033274999565323,False
2010-02-06,45.216433333333335,1.8840180555555557,7.416,0.24,1440,37.64597619047619,7.833977848939358,0.20109605086485563,10.234899999999996,0.2540477421191418,5,1,0.9663618264994339,False,False,0.07488048877837106,False
2010-02-07,27.095133333333333,1.1289638888888889,6.0,0.248,1440,37.337066666666665,7.417807852428922,-0.2743100689931007,-18.1213,0.18816064814814815,6,1,-1.3807223828236082,False,False,0.06778567570356098,False
2010-02-08,43.0373,1.7932208333333333,5.154,0.244,1440,36.924,7.956304729607272,0.16556440255660282,15.942166666666669,0.347927984736774,0,0,0.7683592079185935,False,False,0.0100333152791382,False
2010-02-09,40.348866666666666,1.6812027777777776,5.348,0.288,1440,39.03938095238095,7.1911204370611035,0.0335426864448231,-2.688433333333336,0.31436102800631593,1,0,0.18209759184910546,False,False,0.08772752633587516,False
2010-02-10,32.40903333333333,1.3513148019457957,4.846,0.242,1439,39.666761904761906,7.067919828807862,-0.18296750788113356,-7.939833333333333,0.2788515893408575,2,0,-1.0268549654237837,False,False,0.13624510458344974,False
2010-02-11,22.82946666666667,0.9512277777777778,3.54,0.246,1440,37.384685714285716,6.324157135199,-0.38933640258093966,-9.579566666666665,0.26870841180163213,3,0,-2.301527102577448,False,False,0.12577886015960127,False
2010-02-12,31.549966666666663,1.3145819444444444,5.396,0.246,1440,35.13110952380953,8.314505356430848,-0.10193651455032482,8.720499999999994,0.2436215612387777,4,0,-0.4307102712217309,False,False,0.1575786416038003,False
2010-02-13,39.1926,1.633025,8.724,0.244,1440,34.640885714285716,8.425219793129472,0.1313971681687452,7.642633333333336,0.18718764328289775,5,1,0.5402487291104354,False,False,0.1087607572184186,False
2010-02-14,28.11163333333333,1.1721320361362058,5.37,0.238,1439,33.78033809523809,7.4116807747268805,-0.16781077637301275,-11.080966666666669,0.21827412218551318,6,1,-0.7648339066672302,False,False,0.10536690314109132,False
2010-02-15,34.952200000000005,1.4563416666666666,6.174,0.242,1440,33.925552380952375,7.267424028800889,0.030261780486853466,6.840566666666675,0.23588300399524886,0,0,0.14126705899903635,False,False,0.1635850875346434,False
2010-02-16,29.9626,1.248441666666667,6.014,0.33,1440,32.77053809523809,6.131671424462279,-0.08568483334260883,-4.9896000000000065,0.20758923622658246,1,0,-0.4579400787908875,False,False,0.18557798768776695,False
2010-02-17,34.242666666666665,1.4267777777777777,7.33,0.268,1440,31.286785714285713,5.174088828958042,0.09447697757687139,4.2800666666666665,0.19464908291647717,2,0,0.5712853122732736,False,False,0.17525102203899606,False
2010-02-18,29.3526,1.223025,5.154,0.246,1440,31.548733333333335,5.285588076080209,-0.06961082431201683,-4.890066666666666,0.23729627473806753,3,0,-0.4154946056564415,False,False,0.18042304313388824,False
2010-02-19,32.559533333333334,1.356647222222222,5.544,0.252,1440,32.48060952380952,3.880362646985149,0.002429874644623297,3.2069333333333354,0.2447054874138207,4,0,0.02033928699554271,False,False,0.17784873239375482,False
2010-02-20,33.062133333333335,1.377588888888889,5.288,0.252,1440,32.624833333333335,3.8587090872948093,0.013403899892208913,0.502600000000001,0.2605122709699109,5,1,0.11332805612111445,False,False,0.12416950353811768,False
2010-02-21,45.6719,1.9029958333333328,8.38,0.27,1440,31.749052380952378,2.6148467542279636,0.43852797406326804,12.609766666666665,0.22708780827366737,6,1,5.32453674255888,True,False,0.05814909435575788,False
2010-02-22,24.567266666666665,1.0236361111111112,6.084,0.238,1440,34.25766190476191,5.440397620014864,-0.2828679687783437,-21.104633333333336,0.16825051135948574,0,0,-1.781192463294396,False,False,0.12427932725224416,False
2010-02-23,24.354666666666667,1.0147777777777778,6.758,0.24,1440,32.7741,6.5268961843936975,-0.2568928920499215,-0.21259999999999835,0.15015948176646607,1,0,-1.2899597443368,False,False,0.16977782259833446,False
2010-02-24,31.90463333333333,1.3293597222222222,6.512,0.252,1440,31.972966666666668,7.235236299885888,-0.0021372221741493705,7.549966666666663,0.2041400064837565,2,0,-0.009444519916290283,False,False,0.1724746921735666,False
2010-02-25,31.33673333333333,1.3056972222222225,3.836,0.242,1440,31.638961904761906,7.166636623720804,-0.009552417438294249,-0.5678999999999981,0.34037988066272745,3,0,-0.042171605356441634,False,False,0.11729780953270946,False
2010-02-26,35.33593333333333,1.4723305555555557,5.188,0.244,1440,31.922409523809524,7.1000654510994075,0.10693189707305172,3.9991999999999983,0.2837954039235844,4,0,0.48077356934720084,False,False,0.15164526716799098,False
2010-02-27,29.4176,1.2257333333333331,4.752,0.242,1440,32.31903809523809,7.218155292307284,-0.08977489016498891,-5.9183333333333294,0.25794051627384956,5,1,-0.4019639336840379,False,False,0.10474396885243253,False
2010-02-28,11.8611,0.4942125,1.712,0.236,1440,31.798390476190473,7.286737150790487,-0.6269905544784986,-17.5565,0.2886755257009346,6,1,-2.736106718770227,True,True,-0.038032114221905555,True
2010-03-01,21.645466666666668,0.9018944444444444,4.682,0.238,1440,26.96827619047619,7.7490912022163245,-0.19737299804461603,9.784366666666667,0.19263016754473394,0,0,-0.6868946802803327,False,False,0.15958048471265257,False
2010-03-02,12.781766666666666,0.5325736111111111,2.978,0.246,1440,26.550876190476192,7.975361871987714,-0.5185934138304825,-8.863700000000001,0.17883600104469816,1,0,-1.7264557702605945,False,False,0.10487949539683927,False
2010-03-03,15.597233333333334,0.6498847222222222,2.128,0.258,1440,24.897604761904763,9.550482342316624,-0.37354482559710755,2.8154666666666675,0.30539695593149535,2,0,-0.9738116982179011,False,False,0.08977952197961608,False
2010-03-04,11.381333333333334,0.4742222222222222,1.586,0.262,1440,22.56797619047619,9.545317806550225,-0.4956865765333305,-4.2158999999999995,0.29900518425108585,3,0,-1.1719508018335771,False,False,0.05462121668592146,False
2010-03-05,18.895433333333333,0.7873097222222223,4.464,0.248,1440,19.71720476190476,9.469601756721465,-0.041677886824970055,7.514099999999999,0.1763686653723616,4,0,-0.08677993538515376,False,False,0.16419173273817889,False
2010-03-06,13.2452,0.5518833333333333,2.662,0.242,1440,17.368561904761908,6.533986886343022,-0.23740376015998263,-5.6502333333333326,0.2073190583521162,5,1,-0.6310636945691351,False,False,0.07267478379253711,False
2010-03-07,22.87453333333333,0.9531055555555557,7.14,0.238,1440,15.058219047619048,3.8862345387213155,0.5190729568348369,9.629333333333328,0.1334881730469966,6,1,2.0112821827490825,False,False,0.031718166332637354,False
2010-03-08,42.6183,1.7757625,7.08,0.264,1440,16.631566666666668,4.549032003909818,1.56249461365636,19.74376666666667,0.2508139124293785,0,0,5.712585295288791,True,True,-0.06692843702730089,True
2010-03-09,29.3352,1.2223000000000002,4.216,0.264,1440,19.627685714285715,10.88956812528096,0.4945827249846791,-13.283099999999997,0.28991935483870973,1,0,0.8914508063159597,False,False,0.042095817566223714,False
2010-03-10,30.3772,1.2657166666666666,4.38,0.266,1440,21.992461904761903,10.952322620600473,0.38125509238338595,1.041999999999998,0.2889764079147641,2,0,0.7655671208467737,False,False,0.11964741221516001,False
2010-03-11,32.518166666666666,1.3549236111111111,5.704,0.236,1440,24.103885714285717,10.938603930082149,0.3490840046339099,2.1409666666666674,0.2375392025089606,3,0,0.7692280483107096,False,False,0.15533790531107783,False
2010-03-12,27.42373333333333,1.1426555555555555,6.226,0.244,1440,27.123433333333335,9.687031242240838,0.011071607208035234,-5.094433333333335,0.18352964271692188,4,0,0.031000209712395848,False,False,0.1876784550946236,False
2010-03-13,39.71683333333333,1.6548680555555555,6.21,0.242,1440,28.341761904761906,8.991026732833735,0.4013537149453017,12.293099999999995,0.2664843889783503,5,1,1.2651582257042513,False,False,0.0754263166011187,False
2010-03-14,26.1119,1.0879958333333333,6.154,0.244,1440,32.12342380952381,6.909060133748101,-0.18713832763186156,-13.604933333333328,0.17679490304409057,6,1,-0.8700928481082147,False,False,0.09790803452473429,False
2010-03-15,29.864166666666662,1.2443402777777777,5.578,0.248,1440,32.58590476190476,6.265113654770916,-0.0835250122752461,3.7522666666666638,0.2230800067726385,0,0,-0.43442756910969643,False,False,0.19144820863703244,False
2010-03-16,25.710833333333333,1.0712847222222224,3.45,0.236,1440,30.763885714285713,4.454034216671655,-0.16425273542756377,-4.153333333333329,0.3105173107890499,1,0,-1.134488900430664,False,False,0.1417848807676012,False
2010-03-17,33.4855,1.3952291666666663,5.504,0.244,1440,30.246119047619043,4.841593127376537,0.10710071421992769,7.774666666666668,0.25349367126937977,2,0,0.6690733539883901,False,False,0.15740121649221261,False
2010-03-18,26.0447,1.0851958333333334,5.28,0.24,1440,30.6901619047619,4.995703694043384,-0.15136648412536102,-7.440800000000003,0.20552951388888888,3,0,-0.9298914005450138,False,False,0.1885887206837738,False
2010-03-19,27.723066666666668,1.1551277777777778,4.292,0.238,1440,29.765380952380948,5.196064353943188,-0.06861374591447701,1.678366666666669,0.2691350833592213,4,0,-0.3930502292883284,False,False,0.178593740663249,False
2010-03-20,2.1955333333333336,0.5678103448275862,2.036,0.238,232,29.808142857142855,5.174769602411677,-0.9263445111674502,-25.527533333333334,0.2788852381274981,5,1,-5.336007522139883,True,True,-0.12629051158949045,True
2010-03-21,15.288033333333331,1.4771046698872787,5.502,0.276,621,24.447957142857142,10.196587371503826,-0.37467031523327204,13.092499999999998,0.26846686112091583,6,1,-0.8983323023468464,False,True,-0.0006925160415864884,False
2010-03-22,26.9765,1.1240208333333332,3.69,0.236,1440,22.901690476190478,10.709974154042905,0.17792614602165985,11.68846666666667,0.3046126919602529,0,0,0.38046866082037417,False,False,0.08706734756254375,False
2010-03-23,30.369366666666668,1.265390277777778,5.308,0.238,1440,22.489166666666666,10.449545803367208,0.3503998221365844,3.3928666666666665,0.23839304404253542,1,0,0.7541189012694434,False,False,0.1562373240984199,False
2010-03-24,33.24586666666667,1.3852444444444445,5.888,0.238,1440,23.154671428571426,10.830329210078506,0.4358168186158469,2.8765000000000036,0.2352657004830918,2,0,0.9317533236851714,False,False,0.14052808793844662,False
2010-03-25,27.998066666666663,1.166586111111111,4.3,0.232,1440,23.120438095238093,10.792545140863144,0.2109660963748421,-5.247800000000009,0.27129909560723514,3,0,0.45194423630073205,False,False,0.1413864404512506,False
2010-03-26,27.5214,1.146725,4.052,0.236,1440,23.399490476190476,10.905419485125885,0.1761538153150669,-0.476666666666663,0.2830022211253702,4,0,0.37796891072658667,False,False,0.14998155575750888,False
2010-03-27,30.7995,1.2833125,6.896,0.238,1440,23.37068095238095,10.892352531373897,0.31786917389166686,3.2780999999999985,0.1860952001160093,5,1,0.6820215399952742,False,False,0.12377488835897443,False
2010-03-28,29.970233333333333,1.2487597222222222,6.152,0.234,1440,27.456961904761904,5.799090354064604,0.09153494247794211,-0.8292666666666655,0.20298435016616095,6,1,0.4333906311374968,False,False,0.14866072692831062,False
2010-03-29,27.04563333333333,1.126901388888889,4.196,0.242,1440,29.554419047619046,2.2066233269377475,-0.08488699135799209,-2.9246000000000016,0.2685656312890584,0,0,-1.1369342849136352,False,False,0.18369076604659706,False
2010-03-30,31.77423333333333,1.3239263888888888,4.878,0.35,1440,29.56429523809524,2.193276673992348,0.07475023765797272,4.7286,0.2714076237984602,1,0,1.0075965889043146,False,False,0.16911586658403732,False
2010-03-31,32.06336666666667,1.3359736111111111,5.848,0.23,1440,29.764990476190473,2.3386788201032536,0.07721743409643302,0.2891333333333357,0.2284496599027208,2,0,0.982766924093801,False,False,0.1858515059928949,False
2010-04-01,28.124,1.1718333333333333,5.066,0.236,1440,29.596061904761903,2.0729523135457026,-0.04973843849559779,-3.9393666666666682,0.23131333070140808,3,0,-0.7101282046589876,False,False,0.19308000963872685,False
2010-04-02,27.47703333333333,1.1448763888888889,4.398,0.226,1440,29.61405238095238,2.057259489193011,-0.07216233091400788,-0.6469666666666676,0.2603175054317619,4,0,-1.038769809469842,False,False,0.18578663779917426,False
2010-04-03,30.087966666666663,1.2536652777777777,4.446,0.232,1440,29.607714285714284,2.064835540564525,0.01622051524538322,2.6109333333333318,0.2819759959014345,5,1,0.23258626244929817,False,False,0.09502023230773815,False
2010-04-04,28.17313333333333,1.1738805555555556,4.372,0.232,1440,29.506066666666666,2.013257656506779,-0.04517489058747252,-1.914833333333334,0.26849966961471994,6,1,-0.6620778662012496,False,False,0.11546514277855696,False
2010-04-05,18.647,0.7769583333333333,7.15,0.222,1440,29.249338095238095,2.058281322278839,-0.36248129994313266,-9.52613333333333,0.10866550116550115,0,0,-5.1510636473636415,True,False,0.09531407183962676,False
2010-04-06,30.430866666666667,1.267952777777778,5.604,0.232,1440,28.04953333333333,4.525771944304497,0.08489743144865171,11.783866666666668,0.2262585256562773,1,0,0.5261717476352626,False,False,0.13564977188485533,False
2010-04-07,26.616366666666664,1.1090152777777778,4.65,0.23,1440,27.85762380952381,4.367211613227697,-0.04455717944014988,-3.8145000000000024,0.23849790919952207,2,0,-0.28422189094239053,False,False,0.19517657177873526,False
2010-04-08,27.487,1.1452916666666666,6.57,0.25,1440,27.07948095238095,3.9591481790004246,0.015048997738755262,0.870633333333334,0.17432141045154742,3,0,0.10293099151493097,False,False,0.1895157078354051,False
2010-04-09,20.55583333333333,0.8564930555555554,4.254,0.232,1440,26.98848095238095,3.9384051457628475,-0.23834789480732618,-6.93116666666667,0.20133828292326175,4,0,-1.633312821045904,False,False,0.18419866479903146,False
2010-04-10,19.8368,0.8265333333333333,5.532,0.228,1440,25.999738095238094,4.607298475463974,-0.23703846833621944,-0.7190333333333285,0.14940949626416003,5,1,-1.3376468071384195,False,False,0.10096184435904726,False
2010-04-11,26.7135,1.1138359972202918,8.32,0.226,1439,24.535285714285713,4.719093188544972,0.08877884329857294,6.8767,0.13387451889666968,6,1,0.4615747557182466,False,False,0.09044360933608026,False
2010-04-12,23.99043333333333,0.9996013888888888,3.708,0.226,1440,24.326766666666664,4.561165128114547,-0.013825648839481442,-2.7230666666666714,0.26957966259139393,0,0,-0.07373846898464871,False,False,0.17866396848189714,False
2010-04-13,25.21173333333333,1.0504888888888888,3.772,0.228,1440,25.090114285714286,3.8427385539994408,0.004847289503511449,1.221300000000003,0.2784965240956757,1,0,0.03164905598182499,False,False,0.16861350545882425,False
2010-04-14,27.672733333333333,1.1530305555555556,5.34,0.23,1440,24.344523809523803,3.0604916995246696,0.13671286199106117,2.461000000000002,0.21592332501040368,2,0,1.0874754289732071,False,False,0.18162481734609354,False
2010-04-15,31.202966666666665,1.3001236111111112,5.544,0.228,1440,24.49543333333333,3.213408095603659,0.27382791078064894,3.5302333333333316,0.23451003086419756,3,0,2.0873580739745043,False,False,0.16833357482432232,False
2010-04-16,26.034366666666667,1.0847652777777776,5.11,0.244,1440,25.026285714285713,4.000517718110024,0.040280885621213576,-5.168599999999998,0.212282833224614,4,0,0.25198762345619724,False,False,0.18181072384249714,False
2010-04-17,25.961866666666666,1.0817444444444444,5.92,0.246,1440,25.808933333333332,3.482536760381646,0.005925596821772308,-0.07250000000000156,0.1827271021021021,5,1,0.04391434860735644,False,False,0.14468976461539734,False
2010-04-18,24.601766666666663,1.0250736111111112,4.29,0.246,1440,26.683942857142856,2.3009380011380904,-0.07803105416705046,-1.3601000000000028,0.2389448976948977,6,1,-0.9049249434127765,False,False,0.13324998060293997,False
2010-04-19,28.476566666666667,1.186523611111111,5.84,0.242,1440,26.382266666666663,2.431166335550312,0.07938286829031639,3.874800000000004,0.20317185121765602,0,0,0.8614383842749057,False,False,0.19131885671625598,False
2010-04-20,30.560466666666663,1.2733527777777778,4.484,0.242,1440,27.023142857142854,2.2823083439651985,0.1308997931226497,2.0838999999999963,0.2839769798790762,1,0,1.5498886550001356,False,False,0.15276875599403944,False
2010-04-21,26.3319,1.0971625,2.73,0.252,1440,27.787247619047623,2.4629944823972543,-0.05237465901624632,-4.228566666666662,0.40189102564102563,2,0,-0.5908854564834912,False,False,0.0712527871472749,False
2010-04-22,24.3484,1.0145166666666667,3.824,0.236,1440,27.595699999999997,2.5247488541770933,-0.11767413038987944,-1.9834999999999994,0.2653024755927476,3,0,-1.2861873348818325,False,False,0.1820248558921853,False
2010-04-23,19.6756,0.8198166666666667,4.758,0.234,1440,26.616476190476188,2.201006219194577,-0.2607736704440142,-4.672800000000002,0.17230278828639486,4,0,-3.1535013985631037,True,False,0.17973281248567907,False
2010-04-24,25.306966666666668,1.0544569444444445,4.34,0.24,1440,25.70808095238095,3.44304147751303,-0.015602653751451373,5.631366666666668,0.24296242959549413,5,1,-0.1164999865189002,False,False,0.1149697942342563,False
2010-04-25,25.71236666666666,1.071348611111111,4.356,0.25,1440,25.61452380952381,3.443893692799429,0.0038198194848530296,0.4053999999999931,0.2459477986940108,6,1,0.02841053350381371,False,False,0.12865693095197206,False
2010-04-26,18.045266666666667,0.751886111111111,3.706,0.24,1440,25.77318095238095,3.414921038014657,-0.29984324790923306,-7.667099999999994,0.20288346225340287,0,0,-2.2629847658811713,False,False,0.1716070525494251,False
2010-04-27,20.849,0.8687083333333334,3.76,0.238,1440,24.282995238095236,4.219753247544335,-0.14141563692719314,2.8037333333333336,0.23103945035460996,1,0,-0.8137905314946158,False,False,0.18032724063721223,False
2010-04-28,14.4643,0.6026791666666667,3.692,0.234,1440,22.895642857142857,3.310346260266368,-0.3682509772601774,-6.3847000000000005,0.16323921090646443,2,0,-2.546967052463094,True,False,0.14562645891670412,False
2010-04-29,18.3954,0.7664749999999999,4.368,0.236,1440,21.200271428571426,4.181507771013964,-0.1323035621511584,3.931099999999999,0.17547504578754575,3,0,-0.6707799153249645,False,False,0.1809319454554006,False
2010-04-30,18.6438,0.776825,4.32,0.234,1440,20.349842857142853,4.037409077968167,-0.08383567721477655,0.24840000000000018,0.17982060185185184,4,0,-0.4225588302291685,False,False,0.19446017387728987,False
2010-05-01,22.00263333333333,0.9167763888888888,5.038,0.232,1440,20.20244285714286,4.0846852970814185,0.08910756431388624,3.3588333333333296,0.18197228838604382,5,1,0.4407170553571747,False,False,0.1258893805780762,False
2010-05-02,36.46516666666666,1.5193819444444443,7.33,0.236,1440,19.730395238095237,3.5527605136285842,0.8481721337370933,14.462533333333333,0.20728266636349854,6,1,4.710357302265639,True,False,0.022712315793229854,False
2010-05-03,23.521700000000003,0.9800708333333332,4.35,0.228,1440,21.26650952380952,7.112005184967725,0.10604422289730335,-12.943466666666659,0.2253036398467433,0,0,0.3170962924713779,False,False,0.14341226641083538,False
2010-05-04,25.282666666666668,1.0534444444444444,3.72,0.234,1440,22.04885714285714,6.998913135457133,0.14666563000781827,1.7609666666666648,0.28318399044205494,1,0,0.4620445290893456,False,False,0.15329663226333645,False
2010-05-05,30.088466666666665,1.253686111111111,5.204,0.236,1440,22.682238095238095,7.072462764402851,0.32652106641026013,4.805799999999998,0.240908168929883,2,0,1.0471923031826524,False,False,0.1598427471870234,False
2010-05-06,21.654166666666665,0.9022569444444444,3.496,0.234,1440,24.914261904761904,6.487970669301493,-0.13085257153342086,-8.4343,0.2580826500127129,3,0,-0.5024830419657595,False,False,0.16684490589025952,False
2010-05-07,27.400066666666667,1.1416694444444444,4.174,0.23,1440,25.379799999999996,6.043979936481815,0.07960136276356283,5.7459000000000024,0.27351927274663257,4,0,0.33426098165419516,False,False,0.17233835776637252,False
2010-05-08,25.55703333333333,1.0648763888888888,6.492,0.226,1440,26.630695238095235,5.274668551406599,-0.04031670578491062,-1.843033333333338,0.164029018621209,5,1,-0.2035505917192829,False,False,0.14024996666277606,False
2010-05-09,26.1085,1.0878541666666666,6.066,0.23,1440,27.138466666666663,4.913616117295907,-0.03795227929851097,0.5514666666666699,0.17933632816793052,6,1,-0.2096148014170633,False,False,0.1424960770339584,False
2010-05-10,24.464866666666666,1.0193694444444446,4.602,0.244,1440,25.658942857142858,2.696055872712059,-0.0465364530847688,-1.6436333333333337,0.2215057462938819,0,0,-0.4428974201024358,False,False,0.20135971307041284,False
2010-05-11,26.189466666666664,1.0912277777777777,4.414,0.242,1440,25.793680952380953,2.5930430659364387,0.015344289751291875,1.7245999999999988,0.2472197049791069,1,0,0.15263368336799274,False,False,0.18925127211319664,False
2010-05-12,33.923633333333335,1.4134847222222222,5.89,0.242,1440,25.923223809523808,2.5859000792560165,0.30861939018827955,7.73416666666667,0.23998042822109036,2,0,3.0938587256284498,True,False,0.1488998073155257,False
2010-05-13,25.87493333333333,1.0788714384989575,4.688,0.24,1439,26.471104761904762,3.7567132142159174,-0.022521592277077767,-8.048700000000004,0.23013469251257626,3,0,-0.15869495342775605,False,False,0.18508277175340138,False
2010-05-14,28.70243333333333,1.1959347222222223,4.632,0.254,1440,27.074071428571433,3.1433769313244877,0.06014470003368163,2.8275000000000006,0.2581897068700826,4,0,0.5180294760500693,False,False,0.18071487911120215,False
2010-05-15,32.412866666666666,1.3505361111111112,6.714,0.258,1440,27.260123809523808,3.203849049001069,0.18902125658514637,3.7104333333333344,0.20115223579253963,5,1,1.6082976377271696,False,False,0.13746250278748362,False
2010-05-16,35.0071,1.4586291666666666,8.418,0.262,1440,28.239528571428572,3.6176304017262417,0.2396488812287943,2.594233333333335,0.17327502573849687,6,1,1.8707194149358417,False,False,0.12368316126763684,False
2010-05-17,27.136366666666667,1.1306819444444445,4.16,0.27,1440,29.510757142857138,4.251863984258755,-0.08045847365746676,-7.870733333333334,0.27179854433760686,0,0,-0.5584351910082108,False,False,0.17084763663235097,False
2010-05-18,23.6864,0.9869333333333332,3.086,0.268,1440,29.8924,3.8215887749005937,-0.20761129919310595,-3.4499666666666684,0.3198098941456038,1,0,-1.6239319208701173,False,False,0.1221836554903884,False
2010-05-19,23.779200000000003,0.9908,5.322,0.27,1440,29.53481904761905,4.31151397139154,-0.1948757173131567,0.09280000000000399,0.1861706125516723,2,0,-1.3349415276883403,False,False,0.19425251621361933,False
2010-05-20,19.23163333333333,0.8013180555555555,3.332,0.268,1440,28.08561428571429,4.295327210010913,-0.3152496812891333,-4.547566666666672,0.24049161331199145,3,0,-2.06130534869274,False,False,0.15254895545707448,False
2010-05-21,21.573266666666665,0.898886111111111,4.658,0.268,1440,27.136571428571433,5.445182994559028,-0.20501133595850285,2.341633333333334,0.19297683793712128,4,0,-1.0216928921330595,False,False,0.18744590055663873,False
2010-05-22,34.92953333333334,1.4553972222222222,7.806,0.302,1440,26.118119047619047,5.761044851248545,0.337367873607175,13.356266666666674,0.18644596748939563,5,1,1.52948197995797,False,False,0.08025479205922331,False
2010-05-23,24.7926,1.033025,4.612,0.266,1440,26.477642857142857,6.2749528445541145,-0.06364021398106759,-10.136933333333339,0.22398633998265396,6,1,-0.26853474422604895,False,False,0.1187070305568802,False
2010-05-24,22.355533333333334,0.9314805555555556,5.124,0.186,1440,25.018428571428576,5.023822999227619,-0.10643734999153019,-2.4370666666666665,0.18178777430826615,0,0,-0.5300535545349917,False,False,0.1978529317934032,False
2010-05-25,19.9771,0.8323791666666667,4.832,0.164,1440,24.335452380952383,5.012865765572934,-0.17909477550389452,-2.3784333333333336,0.17226390038631348,1,0,-0.8694332912092759,False,False,0.190162688574663,False
2010-05-26,23.1314,0.9638083333333334,6.53,0.158,1440,23.80555238095238,5.281750775315138,-0.028319123629821495,3.154299999999999,0.14759698825931597,2,0,-0.12763805215935398,False,False,0.16959576171460977,False
2010-05-27,22.0557,0.9189875,3.846,0.158,1440,23.71300952380952,5.287960937153331,-0.0698903073498733,-1.0756999999999977,0.23894630785231408,3,0,-0.31341183180178706,False,False,0.189973360261121,False
2010-05-28,23.302733333333336,0.9709472222222222,3.684,0.158,1440,24.11644761904762,4.988316206521569,-0.03374105086155378,1.2470333333333343,0.26355787791048374,4,0,-0.16312403865866779,False,False,0.1823908399070444,False
2010-05-29,34.163466666666665,1.4234777777777778,5.614,0.166,1440,24.363514285714285,4.883080644348265,0.4022388669395962,10.860733333333329,0.2535585639076911,5,1,2.0069200356735784,False,False,0.0963608457605038,False
2010-05-30,27.761666666666667,1.1567361111111112,5.658,0.172,1440,24.254076190476187,4.607626481402188,0.14461859724708048,-6.401799999999998,0.2044425788460783,6,1,0.7612575564334922,False,False,0.1270213546331443,False
2010-05-31,22.34103333333333,0.9308763888888888,4.164,0.168,1440,24.678228571428573,4.79817981308324,-0.09470676678962087,-5.420633333333338,0.22355340751414238,0,0,-0.48710038580096415,False,False,0.1925960265539664,False
2010-06-01,21.1494,0.8812249999999999,4.162,0.17,1440,24.67615714285714,4.799352655797578,-0.14292165195900483,-1.1916333333333284,0.2117311388755406,1,0,-0.7348401744549541,False,False,0.19747203054474188,False
2010-06-02,16.3483,0.6811791666666667,2.956,0.168,1440,24.84362857142857,4.625351637901172,-0.34195200379056667,-4.801100000000002,0.23043950157870996,2,0,-1.8366881561643744,False,False,0.14217802462568457,False
2010-06-03,23.23643333333333,0.9681847222222222,5.038,0.166,1440,23.874614285714284,5.6425352856627695,-0.026730524093233943,6.888133333333332,0.19217640377574874,3,0,-0.11310180974898282,False,False,0.1845899070030198,False
2010-06-04,23.6759,0.9864958333333332,4.46,0.166,1440,24.043290476190474,5.5965598190356785,-0.015280374229737576,0.439466666666668,0.22118740657698055,4,0,-0.06564576955665945,False,False,0.19463029051170494,False
2010-06-05,33.49406666666666,1.3955861111111112,5.326,0.18,1440,24.096599999999995,5.590103582688563,0.3899913957432446,9.818166666666663,0.2620326907831602,5,1,1.6810898989007552,False,False,0.10238770893047267,False
2010-06-06,29.1132,1.21305,4.836,0.18,1440,24.000971428571425,5.39138371063925,0.21300090234442903,-4.3808666666666625,0.25083746898263026,6,1,0.948221986378043,False,False,0.11172769926217191,False
2010-06-07,16.868033333333333,0.7028347222222222,4.088,0.174,1440,24.194047619047616,5.569757823542453,-0.30280234217389157,-12.245166666666666,0.17192630191345945,0,0,-1.315320076350254,False,False,0.14360909921220127,False
2010-06-08,22.700566666666667,0.9458569444444446,4.626,0.172,1440,23.412190476190478,6.219471206167048,-0.030395439087492128,5.832533333333334,0.20446540087428544,1,0,-0.11441869990782903,False,False,0.189551476651319,False
2010-06-09,25.57803333333333,1.065751388888889,4.986,0.178,1440,23.633785714285715,6.152687611474671,0.0822656024113984,2.8774666666666633,0.21374877434594647,2,0,0.3159997291950306,False,False,0.1897237757658239,False
2010-06-10,20.25316666666667,0.8438819444444445,2.982,0.184,1440,24.952319047619046,5.254608686979711,-0.18832527637950233,-5.3248666666666615,0.28299193307996123,3,0,-0.8942915944618888,False,False,0.15440350216193494,False
2010-06-11,24.5112,1.0213,5.15,0.168,1440,24.526138095238093,5.530699663475535,-0.0006090683816623409,4.25803333333333,0.1983106796116505,4,0,-0.0027009413179211643,False,False,0.19807983379602884,False
2010-06-12,32.88513333333333,1.371166087560806,4.222,0.174,1439,24.645466666666668,5.5182949627850215,0.33432788180111533,8.37393333333333,0.3247669558410246,5,1,1.4931544475665712,False,False,0.042536021407553304,False
2010-06-13,27.90593333333333,1.1627472222222222,6.244,0.172,1440,24.558476190476192,5.358029631542647,0.13630557192938894,-4.979199999999999,0.18621832514769734,6,1,0.6247552501670958,False,False,0.13294489186588598,False
2010-06-14,20.299733333333336,0.8458222222222221,4.168,0.174,1440,24.38600952380952,5.204207212749103,-0.1675664149350269,-7.606199999999994,0.20293239496694387,0,0,-0.7851870656621345,False,False,0.18691230148196497,False
2010-06-15,20.39943333333333,0.8499763888888888,3.394,0.17,1440,24.876252380952376,4.490693282979942,-0.1799635644092003,0.09969999999999501,0.2504349996726249,1,0,-0.9969104468983707,False,False,0.17713248506355544,False
2010-06-16,29.4682,1.2278416666666667,4.798,0.18,1440,24.547519047619044,4.753065645760882,0.2004553267821267,9.068766666666669,0.2559069751285258,2,0,1.0352646731840458,False,False,0.1471899041027458,False
2010-06-17,17.133633333333332,0.7139013888888889,3.516,0.174,1440,25.103257142857142,5.107821220540858,-0.31747369531254155,-12.334566666666667,0.2030436259638478,3,0,-1.5602785347056296,False,False,0.14689317324727308,False
2010-06-18,22.205266666666667,0.9252194444444444,4.1,0.172,1440,24.657609523809523,5.702928182983441,-0.099455823354444,5.0716333333333345,0.22566327913279133,4,0,-0.4300146834147809,False,False,0.18122402683968275,False
2010-06-19,23.60366666666667,0.9834861111111112,6.22,0.204,1440,24.328190476190475,5.778887876563836,-0.029781245351267825,1.3984000000000023,0.15811673812075744,5,1,-0.12537426317996195,False,False,0.13854717000206207,False
2010-06-20,27.875833333333336,1.1614930555555556,5.84,0.178,1440,23.002266666666664,4.385020269601645,0.21187332262907452,4.272166666666667,0.1988857971841705,6,1,1.1114125744074175,False,False,0.13982477981442953,False
2010-06-21,27.681500000000003,1.1533958333333334,7.508,0.192,1440,22.997966666666667,4.3794214312617905,0.20364988788863958,-0.1943333333333328,0.15362224738057184,0,0,1.0694411138194404,False,False,0.16546857755736016,False
2010-06-22,25.34313333333333,1.055963888888889,4.956,0.158,1440,24.052504761904764,4.508263886810981,0.05365880120197341,-2.3383666666666727,0.21306777419065553,1,0,0.28628061795679866,False,False,0.19058187046665198,False
2010-06-23,24.0344,1.0014333333333334,5.452,0.152,1440,24.758747619047618,4.218530511782301,-0.029256230169346493,-1.308733333333329,0.1836818292981169,2,0,-0.17170614673155096,False,False,0.2015844579887731,False
2010-06-24,18.263,0.7609583333333333,3.638,0.196,1440,23.982490476190474,3.672050057641162,-0.2384860939220934,-5.7714,0.20916941542972328,3,0,-1.5575742123364564,False,False,0.17589992949098904,False
2010-06-25,18.323966666666667,0.7634986111111112,3.334,0.152,1440,24.14382857142857,3.3298455177399613,-0.24104966979632375,0.0609666666666655,0.22900378257681797,4,0,-1.7477873594304072,False,False,0.17221485378555446,False
2010-06-26,16.360333333333333,0.6816805555555555,3.976,0.152,1440,23.589357142857146,3.9683734579016194,-0.3064527687526559,-1.963633333333334,0.1714488318801699,5,1,-1.8216591473087684,False,False,0.0989224146544383,False
2010-06-27,18.9994,0.7916416666666666,4.486,0.152,1440,22.55459523809524,4.817526725191986,-0.15762620435282426,2.6390666666666682,0.17646938623866845,6,1,-0.7379710463263817,False,False,0.11938581132892351,False
2010-06-28,24.522333333333336,1.021763888888889,3.242,0.166,1440,21.286533333333335,4.3266490852667605,0.1520116004484839,5.522933333333334,0.31516467886764,0,0,0.7478766907671452,False,False,0.12377339451265468,False
2010-06-29,22.788266666666665,0.9501709520500348,5.104,0.156,1439,20.835223809523807,3.6621577157574845,0.09373755112964612,-1.7340666666666706,0.1861620203859786,1,0,0.5333038631130851,False,False,0.1850978296808688,False
2010-06-30,23.068933333333334,0.9612055555555556,3.736,0.15,1440,20.47024285714286,3.2411172268285955,0.12694966514692274,0.2806666666666686,0.2572820009517012,2,0,0.8017884865995016,False,False,0.1639997405405269,False
2010-07-01,22.48336666666667,0.9368069444444443,5.404,0.208,1440,20.33231904761905,3.0807428887553288,0.1057945045033863,-0.585566666666665,0.1733543568550045,3,0,0.6982236741984915,False,False,0.17419765287411293,False
2010-07-02,19.015466666666665,0.7923111111111112,4.07,0.196,1440,20.935228571428574,3.0206590274576555,-0.09170006901104061,-3.4679000000000038,0.19467103467103467,4,0,-0.6355440608527343,False,False,0.19758920385363515,False
2010-07-03,18.6679,0.7778291666666667,3.286,0.224,1440,21.034014285714285,2.93100587043806,-0.11248990580563047,-0.34756666666666547,0.23671003246094544,5,1,-0.8072704014614112,False,False,0.1091404584331811,False
2010-07-04,25.6348,1.0681166666666666,3.394,0.174,1440,21.363666666666663,2.399280475399298,0.19992510648921077,6.966899999999999,0.31470732665488116,6,1,1.7801725880433033,False,False,0.046213973664304686,False
2010-07-05,18.5665,0.7736041666666666,4.428,0.168,1440,22.311580952380954,2.6109485321866086,-0.16785367923384653,-7.068299999999997,0.174707354712436,0,0,-1.4343756325386217,False,False,0.18237068051758276,False
2010-07-06,16.765566666666665,0.6985652777777778,2.368,0.16,1440,21.460747619047616,2.737794037438026,-0.21877993421877415,-1.8009333333333366,0.2950022287912913,1,0,-1.7149503900500163,False,False,0.12387376965571223,False
2010-07-07,13.913133333333334,0.5797138888888889,3.712,0.16,1440,20.600361904761904,3.164218425376921,-0.32461704325120494,-2.8524333333333303,0.1561729226532567,2,0,-2.1133903139546972,False,False,0.1489501250154261,False
2010-07-08,20.210866666666668,0.8421194444444444,5.126,0.158,1440,19.29239047619048,3.80182687936179,0.04760821068854668,6.297733333333333,0.16428393375818268,3,0,0.24158811529849872,False,False,0.16393546638294076,False
2010-07-09,18.057966666666665,0.7524152777777778,2.392,0.164,1440,18.967747619047618,3.574139623631018,-0.047964627674998185,-2.1529000000000025,0.3145548820141212,4,0,-0.25454544259149375,False,False,0.12759203837023636,False
2010-07-10,19.241733333333336,0.8017388888888888,3.906,0.158,1440,18.830961904761903,3.5902947011732596,0.021813619009422917,1.1837666666666706,0.20525829208624904,5,1,0.11441161875575241,False,False,0.12254719279024778,False
2010-07-11,19.892866666666663,0.8288694444444445,4.632,0.162,1440,18.912938095238097,3.5925014395438493,0.05181260396951717,0.6511333333333269,0.1789441805795433,6,1,0.27277054384506816,False,False,0.12805195391931778,False
2010-07-12,18.4929,0.7705375000000001,3.758,0.174,1440,18.092661904761904,2.1795741516989855,0.02212157046568995,-1.3999666666666641,0.20503924960085154,0,0,0.18363132767293447,False,False,0.1851801751010953,False
2010-07-13,23.03523333333333,0.9598013888888888,5.016,0.174,1440,18.082147619047618,2.1770834862830633,0.27392131834319083,4.542333333333332,0.1913479642920432,1,0,2.2751014122761646,False,False,0.1680457016767612,False
2010-07-14,23.491200000000003,0.9788,5.902,0.208,1440,18.977814285714285,2.757483644010795,0.23782431666449644,0.4559666666666722,0.1658420874279905,2,0,1.6367769665973217,False,False,0.1678482615394341,False
2010-07-15,27.219366666666662,1.134928422515636,4.676,0.18,1439,20.346109523809524,2.1305840642208347,0.33781677695256096,3.7281666666666595,0.2427135206406407,3,0,3.225996691837045,True,False,0.15649613981407956,False
2010-07-16,13.6676,0.5694833333333333,2.376,0.152,1440,21.347323809523807,3.3526778731900726,-0.3597511274971904,-13.551766666666662,0.2396815375982043,4,0,-2.290623823700829,False,False,0.09682672771683382,False
2010-07-17,13.4392,0.5599666666666666,2.766,0.154,1440,20.72012857142857,4.336806886768699,-0.3513939861101248,-0.2284000000000006,0.2024463726199084,5,1,-1.678868522747044,False,False,0.07900006900262846,False
2010-07-18,13.533966666666666,0.5639152777777778,2.626,0.154,1440,19.891195238095236,5.145608466177599,-0.3196001293704728,0.09476666666666667,0.21474306084454603,6,1,-1.2354668283090375,False,False,0.08232512732419922,False
2010-07-19,13.352633333333332,0.5563597222222222,2.474,0.15,1440,18.98278095238095,5.678931173461516,-0.29659235036062753,-0.18133333333333468,0.2248826686427737,0,0,-0.9914097295910416,False,False,0.1448070430304756,False
2010-07-20,14.263733333333333,0.5943222222222222,2.676,0.154,1440,18.24845714285714,6.0715938915247705,-0.2183594907958298,0.9111000000000011,0.2220935060621159,1,0,-0.6562895807451835,False,False,0.15558644808354788,False
2010-07-21,17.7361,0.7390041666666666,3.728,0.15,1440,16.995385714285714,5.818920229251705,0.04358325831297071,3.4723666666666677,0.1982307314020028,2,0,0.12729411240090846,False,False,0.17544419459681448,False
2010-07-22,19.407433333333334,0.8086430555555555,3.344,0.242,1440,16.17322857142857,5.1117585632226925,0.19997273566134285,1.6713333333333331,0.24181909556087186,3,0,0.6326990451336514,False,False,0.1547684404713794,False
2010-07-23,19.602633333333333,0.8167763888888888,3.66,0.24,1440,15.057238095238095,2.466621308399619,0.3018744346968078,0.19519999999999982,0.2231629477838494,4,0,1.8427616848264232,False,False,0.1562732422685451,False
2010-07-24,15.361133333333337,0.6400472222222222,3.162,0.242,1440,15.905100000000001,2.892598579197206,-0.03420076998363193,-4.241499999999997,0.20241847635111393,5,1,-0.18805466841432017,False,False,0.10489612290980682,False
2010-07-25,18.840166666666665,0.7850069444444445,5.916,0.24,1440,16.179661904761907,2.704635110628327,0.16443512710990163,3.4790333333333283,0.13269218127864174,6,1,0.9836834371667543,False,False,0.08562605773980914,False
2010-07-26,14.735833333333332,0.6139930555555555,3.508,0.156,1440,16.937690476190475,2.5802660579671577,-0.1299974837745631,-4.104333333333333,0.17502652666920054,0,0,-0.8533450014034054,False,False,0.17170439347495592,False
2010-07-27,15.872666666666667,0.6613611111111111,3.572,0.15,1440,17.135290476190477,2.2974209242606554,-0.07368557955164097,1.1368333333333354,0.18515148687321137,1,0,-0.5495831417702182,False,False,0.18140262928949513,False
2010-07-28,14.377566666666668,0.5990652777777777,4.21,0.15,1440,17.3651380952381,2.0267965850570477,-0.17204420789436092,-1.495099999999999,0.14229579044602797,2,0,-1.4740361467933594,False,False,0.15543748943279662,False
2010-07-29,9.151733333333333,0.3813222222222222,2.162,0.15,1440,16.88534761904762,2.303041625833249,-0.45800740738025064,-5.225833333333336,0.1763747558844691,3,0,-3.358000219781628,True,False,0.09984482315573706,False
2010-07-30,9.187666666666669,0.3828194444444444,2.044,0.15,1440,15.420247619047618,3.4216529115308423,-0.40418163873595986,0.03593333333333604,0.1872893563818221,4,0,-1.8215117411171031,False,False,0.12114306748856923,False
2010-07-31,9.2436,0.38515,2.03,0.15,1440,13.93239523809524,3.5614377713293193,-0.336539062951265,0.05593333333333206,0.18972906403940887,5,1,-1.3165456029700975,False,False,0.06813372307558119,False
2010-08-01,9.261066666666668,0.3858777777777777,2.08,0.15,1440,13.058461904761904,3.888020617583573,-0.29079958005701084,0.017466666666667408,0.18551816239316235,6,1,-0.9766911268220945,False,False,0.07104314443870569,False
2010-08-02,9.158033333333332,0.3815847222222222,2.04,0.15,1440,11.690019047619048,3.1247366716826366,-0.21659380570482603,-0.10303333333333597,0.18705133442265792,0,0,-0.8103037088633357,False,False,0.1359248818837528,False
2010-08-03,10.253533333333332,0.4272305555555555,2.052,0.154,1440,10.893190476190478,2.923277047901369,-0.05872082602936771,1.0954999999999995,0.20820202512453972,1,0,-0.21881509428480558,False,False,0.1334315087524593,False
2010-08-04,9.055933333333332,0.3773305555555555,2.06,0.154,1440,10.090457142857144,1.9311742839742168,-0.10252496937228783,-1.1975999999999996,0.18317017259978421,2,0,-0.5356967613481455,False,False,0.13832014785243962,False
2010-08-05,8.891266666666667,0.3704694444444444,1.914,0.154,1440,9.33022380952381,0.41268492542859625,-0.04704679671339486,-0.1646666666666654,0.19355770347149656,3,0,-1.0636616842770834,False,False,0.1388845204948076,False
2010-08-06,8.745766666666666,0.3644069444444444,1.716,0.152,1440,9.293014285714287,0.44215113716837884,-0.05888806389643442,-0.14550000000000018,0.2123583592333592,4,0,-1.2376935691091966,False,False,0.13116003784026758,False
2010-08-07,8.791266666666667,0.3663027777777777,1.988,0.154,1440,9.229885714285714,0.4887860964668466,-0.04752161198921101,0.04550000000000054,0.18425693047171918,5,1,-0.8973640019418967,False,False,0.08517280272695066,False
2010-08-08,8.807666666666666,0.3669861111111111,1.984,0.152,1440,9.165266666666666,0.5158230198254476,-0.03901686803075376,0.016399999999999082,0.18497283826164876,6,1,-0.6932610338348414,False,False,0.08351681137994715,False
2010-08-09,8.917733333333333,0.3715722222222222,1.93,0.152,1440,9.100495238095238,0.5300586572850251,-0.020082632865610753,0.11006666666666653,0.192524467472654,0,0,-0.3447956226165931,False,False,0.13356086470927608,False
2010-08-10,9.0793,0.3783041666666667,2.094,0.152,1440,9.066166666666666,0.5334815221247329,0.0014486092983069774,0.1615666666666673,0.18066101560012737,1,0,0.02461815974624031,False,False,0.12573198284440523,False
2010-08-11,9.033366666666668,0.3763902777777777,1.992,0.15,1440,8.898419047619047,0.12972615012117106,0.015165347723619358,-0.04593333333333227,0.18895094265952697,2,0,1.0402499335837259,False,False,0.12384580636133175,False
2010-08-12,8.8283,0.3678458333333333,2.038,0.152,1440,8.895195238095239,0.1253665314183346,-0.007520378845508383,-0.20506666666666717,0.1804935394177298,3,0,-0.533597263467521,False,False,0.1257999636109598,False
2010-08-13,8.9049,0.3710374999999999,1.974,0.152,1440,8.8862,0.12792819746952488,0.0021043865769394174,0.07659999999999911,0.1879622593718338,4,0,0.1461757483486295,False,False,0.12673881430567135,False
2010-08-14,9.237833333333334,0.3849097222222222,1.984,0.154,1440,8.908933333333334,0.11195555667657697,0.03691799991020259,0.33293333333333486,0.1940069164426523,5,1,2.937772896348006,True,False,0.07866721923102082,False
2010-08-15,17.599766666666667,0.7333236111111112,4.78,0.154,1440,8.972728571428572,0.15332167641633512,0.9614732047850815,8.361933333333333,0.15341498140399815,6,1,56.267569575823906,True,True,-0.012078279219975507,True
2010-08-16,18.82883333333333,0.7845347222222222,3.242,0.164,1440,10.228742857142858,3.2531160160070907,0.8407768771100663,1.229066666666661,0.24199096922338748,0,0,2.643647024536897,True,False,0.06630565000494426,False
2010-08-17,16.30336666666667,0.775120443740095,4.378,0.16,1262,11.644614285714285,4.503823371925951,0.40007786145976365,-2.5254666666666594,0.17704898212427936,1,0,1.0343994415927065,False,False,0.12122889796746572,False
2010-08-22,1.5556333333333332,0.6140657894736842,1.358,0.176,152,12.676623809523809,4.643532788638101,-0.8772833084969672,-14.747733333333336,0.45218393922951705,6,1,-2.3949417356116367,False,True,-0.1243718643612618,False
2010-08-23,12.760966666666668,0.5317069444444444,2.26,0.17,1440,11.608376190476191,6.215429943405321,0.09928955241268732,11.205333333333336,0.23526855948869224,0,0,0.18544018461882847,False,False,0.08205603041822845,False
2010-08-24,12.049133333333334,0.5020472222222222,2.136,0.17,1440,12.170185714285713,6.098902194683991,-0.009946633830762733,-0.7118333333333347,0.23504083437369952,1,0,-0.019848224662119177,False,False,0.1341583039559029,False
2010-08-25,16.340133333333334,0.6808388888888889,3.948,0.17,1440,12.619361904761904,5.931833555968845,0.29484624156530453,4.291,0.17245159293031634,2,0,0.6272548603167468,False,False,0.13773276630467002,False
2010-08-26,12.620866666666664,0.5258694444444444,3.33,0.17,1440,13.63397619047619,5.864060105381545,-0.07430770815906354,-3.7192666666666696,0.15791875208541872,3,0,-0.17276588329641748,False,False,0.15592690105254325,False
2010-08-27,33.844166666666666,1.4101736111111112,5.33,0.174,1440,12.922704761904763,5.598820605086413,1.6189692707703827,21.223300000000002,0.26457291015217843,4,0,3.7367623255789244,True,True,-0.07254987512779965,True
2010-08-28,24.0476,1.0019833333333332,5.042,0.172,1440,15.067752380952381,9.64967496449082,0.5959646397162277,-9.796566666666667,0.19872735686896734,5,1,0.9305855018010395,False,False,0.062140379239943755,False
2010-08-29,27.808,1.1586666666666667,5.578,0.174,1440,16.174071428571427,10.240773809257984,0.7192949915429018,3.7604000000000006,0.2077208079359388,6,1,1.1360399895671098,False,False,0.07528602646190752,False
2010-08-30,24.913366666666665,1.0380569444444443,5.12,0.172,1440,19.924409523809523,8.683653226368673,0.2503942280896894,-2.894633333333335,0.20274549696180552,0,0,0.5745228434166092,False,False,0.17051371040093022,False
2010-08-31,22.75176666666667,0.9479902777777778,4.624,0.174,1440,21.660466666666668,8.214950995165202,0.0503821093420579,-2.1615999999999964,0.20501519848135333,1,0,0.13284315398135305,False,False,0.18847146169088352,False
2010-09-01,26.555300000000003,1.1064708333333333,4.796,0.172,1440,23.189414285714285,7.039909571043381,0.1451475088078983,3.803533333333334,0.23070701278843478,2,0,0.47811490763039177,False,False,0.18151432148300584,False
2010-09-02,23.2082,0.9670083333333334,4.486,0.172,1440,24.64872380952381,6.414455129936658,-0.05844212546887378,-3.347100000000001,0.215561376133155,3,0,-0.2245746178503601,False,False,0.19943177050531824,False
2010-09-03,22.44023333333333,0.9350097222222222,5.5,0.176,1440,26.1612,3.8354504188631924,-0.1422322625363771,-0.7679666666666698,0.17000176767676767,4,0,-0.9701511583532723,False,False,0.19422958106361332,False
2010-09-04,29.064,1.211,4.808,0.174,1440,24.53206666666667,2.0208565717799396,0.18473508143083464,6.623766666666668,0.2518718801996672,5,1,2.2425803971539024,False,False,0.12302242753326903,False
2010-09-05,22.0503,0.9187625,4.352,0.162,1440,25.248695238095234,2.6208136116859113,-0.126675664145587,-7.0137,0.2111127068014706,6,1,-1.2203825651064812,False,False,0.11361684567679059,False
2010-09-06,23.7146,0.9881083333333334,5.074,0.16,1440,24.426166666666667,2.587012511316128,-0.029131327742789478,1.6643000000000008,0.194739521744843,0,0,-0.2750534307639126,False,False,0.2007272709140388,False
2010-09-07,24.197566666666667,1.0082319444444443,5.192,0.16,1440,24.254914285714285,2.589062701618589,-0.0023643711279324234,0.4829666666666661,0.19418951164184212,1,0,-0.02214995373104207,False,False,0.19960135559466097,False
2010-09-08,21.7302,0.905425,4.13,0.186,1440,24.461457142857142,2.50548366453066,-0.11165553739936061,-2.467366666666667,0.2192312348668281,2,0,-1.0901117343220736,False,False,0.1982947389938225,False
2010-09-09,20.64523333333333,0.8602180555555555,6.426,0.156,1440,23.77215714285714,2.4971429207322897,-0.13153723453588062,-1.08496666666667,0.1338652436283155,3,0,-1.252200578334073,False,False,0.1701242259509827,False
2010-09-10,22.13513333333333,0.9222972222222222,4.396,0.158,1440,23.40601904761905,2.7669339745608865,-0.05429738870587655,1.4898999999999987,0.20980373571934083,4,0,-0.45931190479072126,False,False,0.19638085946745149,False
2010-09-11,24.3885,1.0161875,3.788,0.16,1440,23.362433333333335,2.7870131015391264,0.04391951180884404,2.253366666666672,0.2682649155227033,5,1,0.3681599724450597,False,False,0.10412676158367001,False
2010-09-12,26.8682,1.119508333333333,5.156,0.142,1440,22.694504761904764,1.4157861469392532,0.18390774691418899,2.479700000000001,0.21712729506077058,6,1,2.9479701063032917,True,False,0.14884729939835928,False
2010-09-13,17.938666666666666,0.7474444444444444,3.848,0.142,1440,23.38277619047619,2.0702420040788305,-0.23282562684010594,-8.929533333333335,0.19424231924231922,0,0,-2.6296971624976373,True,False,0.17933524081272129,False
2010-09-14,23.84463333333333,0.993526388888889,4.804,0.138,1440,22.55764285714286,2.9005090953985038,0.05705341131344966,5.905966666666664,0.20681232075122585,1,0,0.44371192568649764,False,False,0.18517093116172084,False
2010-09-15,16.4349,0.6847875,3.384,0.14,1440,22.50722380952381,2.870160213215717,-0.26979443848398316,-7.409733333333332,0.20236037234042553,2,0,-2.1156741639590924,False,False,0.15811813325078328,False
2010-09-16,22.328966666666663,0.9303736111111112,5.28,0.14,1440,21.75075238095238,3.689862806586625,0.026583645272916477,5.894066666666664,0.17620712331649832,3,0,0.15670346460636278,False,False,0.17777645312516033,False
2010-09-17,24.96013333333333,1.0400055555555556,5.758,0.14,1440,21.99128571428571,3.6605484696748256,0.13500109350673553,2.631166666666669,0.18061923507390684,4,0,0.8110390133179555,False,False,0.17930445638579628,False
2010-09-18,20.7991,0.8666291666666666,2.974,0.144,1440,22.39485714285714,3.8308172616935754,-0.07125551784848559,-4.161033333333332,0.2914018717776283,5,1,-0.41655788669796007,False,False,0.0676618621874141,False
2010-09-19,15.326666666666664,0.6386111111111111,3.762,0.138,1440,21.882085714285715,3.759039163721798,-0.2995792600949071,-5.472433333333335,0.1697530864197531,6,1,-1.7439081536805743,False,False,0.08865936463713331,False
2010-09-20,28.0472,1.1686333333333334,6.17,0.146,1440,20.233295238095234,3.7386464927255463,0.3861904188099204,12.720533333333336,0.18940572663425176,0,0,2.0900357327467667,False,False,0.10861368674001554,False
2010-09-21,18.52293333333333,0.7717888888888889,3.636,0.14,1440,21.677371428571426,4.565434638407268,-0.1455175552825769,-9.52426666666667,0.21226317076152057,1,0,-0.6909392741494984,False,False,0.17038024222285458,False
2010-09-22,25.17323333333333,1.0488847222222222,4.484,0.146,1440,20.91712857142857,4.58742541711241,0.20347461877335876,6.650299999999998,0.23391719942511646,2,0,0.9277763396497455,False,False,0.16191614127093656,False
2010-09-23,24.164366666666663,1.0068486111111112,3.92,0.142,1440,22.165461904761905,4.347078209276763,0.09018105602731986,-1.0088666666666661,0.25684913548752836,3,0,0.45982719097140917,False,False,0.17405165127414263,False
2010-09-24,22.1332,0.9222166666666668,3.952,0.14,1440,22.4276619047619,4.413429851136436,-0.013129407158549232,-2.031166666666664,0.23335441970310394,4,0,-0.06671951627056684,False,False,0.18913312629703577,False
2010-09-25,1.7667666666666668,0.4491779661016949,2.008,0.142,236,22.023814285714284,4.270086343513552,-0.919779260588268,-20.366433333333333,0.2236942062259437,5,1,-4.743943327942059,True,True,-0.0841477345157331,True
2010-09-28,7.840433333333333,1.6391149825783973,4.108,0.842,287,19.30490952380952,8.817622276960856,-0.5938632437689795,6.073666666666666,0.39900559459065177,1,0,-1.3001777384398931,False,True,-0.051281149571760554,False
2010-09-29,28.073766666666664,1.1697402777777777,4.422,0.238,1440,18.235447619047616,9.781822703756589,0.5395161804167917,20.23333333333333,0.2645274260013066,2,0,1.0057756458661598,False,False,0.024280016893148293,False
2010-09-30,20.80463333333333,0.8668597222222222,3.932,0.242,1440,18.23924285714285,9.786268172948262,0.140652246164145,-7.269133333333333,0.22046279812365774,3,0,0.2621418533452693,False,False,0.15728978777038677,False
2010-10-01,25.08033333333333,1.045013888888889,4.136,0.234,1440,18.565199999999997,9.835168869193783,0.35093256917961196,4.275699999999997,0.2526629325166559,4,0,0.6624322795046624,False,False,0.14592929325866694,False
2010-10-02,32.05423333333333,1.3355930555555555,6.414,0.238,1440,18.55192857142857,9.824823196155604,0.7278113814376891,6.9739,0.20823090981533451,5,1,1.374305113926949,False,False,0.07877860583893959,False
2010-10-03,30.5114,1.2713083333333333,6.796,0.24,1440,19.679052380952378,10.96268535343729,0.5504506725909423,-1.5428333333333306,0.18706714734157345,6,1,0.98811078397422,False,False,0.09172962710252841,False
2010-10-04,29.59933333333333,1.2333055555555557,5.212,0.25,1440,20.875938095238094,11.70734803064007,0.4178684185734909,-0.9120666666666679,0.2366280804979961,0,0,0.7451213729415633,False,False,0.14705151718136855,False
2010-10-05,30.9104,1.2879333333333334,5.252,0.238,1440,24.852019047619045,8.392900184853422,0.24377821941840896,1.3110666666666688,0.24522721502919526,1,0,0.7218459434695113,False,False,0.17233507428980205,False
2010-10-06,21.924266666666664,0.913511111111111,4.174,0.244,1440,28.14772857142857,3.9564854662915065,-0.22109996865178838,-8.986133333333335,0.21885747750625562,2,0,-1.5729773198422188,False,False,0.17694132194684536,False
2010-10-07,30.1659,1.2569125,4.94,0.236,1440,27.269228571428567,4.6051843147428695,0.10622491285310623,8.241633333333336,0.25443572874493925,3,0,0.6290022788660456,False,False,0.16186856535110117,False
2010-10-08,25.174266666666664,1.0489277777777777,5.226,0.238,1440,28.606552380952376,3.6816437544613483,-0.11998250151147516,-4.991633333333336,0.20071331377301524,4,0,-0.9322699161553941,False,False,0.19943249181627704,False
2010-10-09,26.863,1.1192916666666666,4.048,0.304,1440,28.61997142857143,3.6667903395524473,-0.06138969890156626,1.6887333333333352,0.27650485836627137,5,1,-0.4791578644733414,False,False,0.10033932093601189,False
2010-10-10,33.31506666666667,1.3881277777777778,6.892,0.334,1440,27.87836666666667,3.369348571449431,0.19501501163984972,6.452066666666667,0.2014114593409428,6,1,1.61357600281209,False,False,0.1375824638124385,False
2010-10-11,27.043166666666668,1.126798611111111,6.158,0.274,1440,28.278890476190472,3.864732976484428,-0.0436977472848246,-6.271899999999999,0.18298126195373676,0,0,-0.31974364517361464,False,False,0.19539817914139285,False
2010-10-12,26.3282,1.0970083333333334,5.696,0.26,1440,27.91372380952381,3.8398563994523416,-0.056800870437173606,-0.714966666666669,0.19259275514981275,1,0,-0.4129122666540199,False,False,0.20296687471109776,False
2010-10-13,34.56476666666667,1.4401986111111111,3.962,0.25,1440,27.259123809523807,3.628619858166712,0.26800725174410833,8.236566666666672,0.36350293061865496,2,0,2.0133392702188138,False,False,0.050022347520725985,False
2010-10-14,35.585366666666665,1.482723611111111,6.298,0.26,1440,29.064909523809522,3.676206716859335,0.22434121590902206,1.0205999999999946,0.23542769309480963,3,0,1.7736916460529495,False,False,0.16261494270760457,False
2010-10-15,26.605400000000003,1.108558333333333,4.238,0.262,1440,29.839119047619047,4.438380965441544,-0.10837180020155696,-8.979966666666662,0.2615758219285826,4,0,-0.7285807759175407,False,False,0.1696310883226625,False
2010-10-16,16.6669,0.6944541666666667,3.35,0.246,1440,30.043566666666663,4.215029713352766,-0.44524229812927224,-9.938500000000005,0.2072997512437811,5,1,-3.173564025964232,True,False,0.061696658821366435,False
2010-10-17,17.456366666666668,0.7273486111111112,4.326,0.242,1440,28.586980952380948,6.589974280365241,-0.38935955861359456,0.7894666666666694,0.1681342143113988,6,1,-1.6890224168063641,False,False,0.09638249982338726,False
2010-10-18,45.2314,1.8846416666666668,6.29,0.248,1440,26.321452380952376,7.373081761778824,0.718423411647751,27.775033333333333,0.2996250662427133,0,0,2.5647277800545405,True,True,-0.06847196737660133,True
2010-10-19,32.09963333333333,1.3374847222222224,6.492,0.248,1440,28.91977142857143,10.295471677130946,0.1099546001812566,-13.131766666666671,0.20602044396522218,1,0,0.30886024501677195,False,False,0.14204444021441975,False
2010-10-20,28.7994,1.199975,4.978,0.256,1440,29.744261904761906,10.284431679114954,-0.03176619099802372,-3.300233333333331,0.24105564483728406,2,0,-0.09187303044471383,False,False,0.19003626012024716,False
2010-10-21,22.58663333333333,0.9411097222222224,4.762,0.254,1440,28.920638095238097,10.062506433757958,-0.21901331295133786,-6.212766666666667,0.19762908908488502,3,0,-0.6294659092743813,False,False,0.1902208486625787,False
2010-10-22,27.814866666666667,1.1589527777777775,4.642,0.252,1440,27.063676190476194,9.824179958647777,0.027756409399208662,5.2282333333333355,0.2496666906027095,4,0,0.07646342792501824,False,False,0.18291971461187445,False
2010-10-23,38.2206,1.592525,6.234,0.25,1440,27.23645714285714,9.825412361334612,0.40328823971231836,10.40573333333333,0.25545797240936796,5,1,1.117931996459317,False,False,0.09718166868233724,False
2010-10-24,39.84246666666667,1.661256428075052,6.172,0.29,1439,30.315557142857138,9.325611926853206,0.31425810447472613,1.6218666666666692,0.2691601471281679,6,1,1.0215854571834244,False,False,0.09404976710376506,False
2010-10-25,19.3882,0.8078416666666666,5.422,0.25,1440,33.513571428571424,7.912167682669475,-0.421482128775123,-20.454266666666665,0.14899329890569285,0,0,-1.785272000682079,False,False,0.10066902752623219,False
2010-10-26,15.765066666666666,0.6568777777777778,4.616,0.246,1440,29.821685714285714,7.554500372916385,-0.47135561625496564,-3.6231333333333353,0.1423045445792413,1,0,-1.8606947321113898,False,False,0.11605463849949382,False
2010-10-27,21.00463333333333,0.8751930555555556,4.29,0.258,1440,27.48817619047619,9.098584891043567,-0.23586660723563052,5.239566666666665,0.20400770525770526,2,0,-0.7125880491069666,False,False,0.17789869922371288,False
2010-10-28,24.388766666666665,1.0161986111111112,5.294,0.258,1440,26.374638095238094,9.383875643820083,-0.07529473661024282,3.3841333333333345,0.19195289216303577,3,0,-0.2116259319654624,False,False,0.19891790789839325,False
2010-10-29,20.0737,0.8364041666666667,4.054,0.25,1440,26.632085714285715,9.286849868773308,-0.2462588091914909,-4.315066666666667,0.2063157786548265,4,0,-0.7062013284330189,False,False,0.18329458402838483,False
2010-10-30,35.87833333333333,1.4949305555555554,5.02,0.256,1440,25.526204761904758,9.578849326693403,0.405549068809401,15.804633333333332,0.29779493138556884,5,1,1.080727780379661,False,False,0.045362549182352385,False
2010-10-31,24.607166666666664,1.025298611111111,4.7,0.26,1440,25.191595238095235,9.089932868338582,-0.02319934747700243,-11.271166666666666,0.2181486406619385,6,1,-0.0642940470401285,False,False,0.11666485955418848,False
2010-11-01,23.053,0.9605416666666668,2.86,0.256,1440,23.015123809523807,6.432930971289716,0.0016457087430709503,-1.5541666666666636,0.33585372960372967,0,0,0.005887858993860781,False,False,0.11882110954137415,False
2010-11-02,19.851366666666664,0.8271402777777779,3.146,0.25,1440,23.538666666666664,6.234631554351971,-0.15664863487028438,-3.201633333333337,0.26291807939535217,1,0,-0.5914222785829498,False,False,0.16717717647792735,False
2010-11-03,21.554966666666665,0.8981236111111112,5.026,0.252,1440,24.12242380952381,5.537835034684435,-0.10643445961858454,1.7036000000000016,0.17869550559313793,2,0,-0.46362109502661386,False,False,0.1917544893679693,False
2010-11-04,42.585766666666665,1.7744069444444446,8.126,0.272,1440,24.201042857142856,5.489894553825154,0.7596665944541154,21.0308,0.2183616717258731,3,0,3.348830042047714,True,True,-0.017044083007738964,True
2010-11-05,28.9348,1.2056166666666666,5.374,0.266,1440,26.800614285714282,8.864649657589487,0.07963197005612357,-13.650966666666665,0.2243425133358144,4,0,0.24075240384243837,False,False,0.14287559298281555,False
2010-11-06,30.09013333333333,1.2537555555555555,4.896,0.262,1440,28.066485714285715,8.362400381577128,0.07210192396897014,1.1553333333333313,0.2560775236020334,5,1,0.24199362942556937,False,False,0.13105137701458663,False
2010-11-07,27.896933333333333,1.162372222222222,3.338,0.254,1440,27.239599999999996,7.722936050301043,0.024131533992178204,-2.1931999999999974,0.34822415285267283,6,1,0.08511443433585264,False,False,0.04437808194102011,False
2010-11-08,30.425666666666665,1.2677361111111112,5.51,0.254,1440,27.709566666666667,7.635648287304084,0.09802029864535343,2.5287333333333315,0.23007914902198026,0,0,0.3557130839192922,False,False,0.18468764302803803,False
2010-11-09,33.701633333333334,1.4042347222222222,5.644,0.254,1440,28.76280476190476,7.390840742618773,0.17170886540139726,3.275966666666669,0.24880133278210884,1,0,0.6682363676095953,False,False,0.16996454509438685,False
2010-11-10,32.442233333333334,1.3517597222222224,7.638,0.256,1440,30.741414285714285,6.394283781827469,0.05532663630278812,-1.2593999999999994,0.17697823019405898,2,0,0.26599054806619166,False,False,0.17527485850499047,False
2010-11-11,29.559866666666665,1.231661111111111,5.506,0.23,1440,32.29673809523809,4.947894013335141,-0.08474141941210332,-2.8823666666666696,0.223694353634419,3,0,-0.5531386527672671,False,False,0.19531750460537817,False
2010-11-12,30.6137,1.275570833333333,4.78,0.22,1440,30.435895238095238,2.011514118899302,0.005841942893870036,1.053833333333337,0.26685582287308224,4,0,0.08839349435044379,False,False,0.1817492940351631,False
2010-11-13,33.719566666666665,1.4049819444444445,5.02,0.234,1440,30.675738095238096,1.8996837346364595,0.09922592773410965,3.105866666666664,0.2798768813634352,5,1,1.6022817461302652,False,False,0.1044509982970116,False
2010-11-14,33.973200000000006,1.41555,4.946,0.226,1440,31.19422857142857,2.1868136091747536,0.08908607636211113,0.25363333333334026,0.28620097048119697,6,1,1.270785684208425,False,False,0.10289108191181034,False
2010-11-15,29.12303333333333,1.2134597222222223,7.656,0.226,1440,32.062266666666666,1.8379797758131886,-0.09167266194529824,-4.850166666666677,0.15849787385347733,0,0,-1.599165220429542,False,False,0.17056075744662497,False
2010-11-16,25.162466666666667,1.0484361111111111,4.27,0.226,1440,31.876176190476194,2.08115526043694,-0.21061840930015363,-3.9605666666666615,0.2455353890189956,1,0,-3.2259532248449254,True,False,0.17381906310253348,False
2010-11-17,26.3672,1.0986333333333334,5.234,0.226,1440,30.656295238095236,3.0906331156166083,-0.13990911833225578,1.2047333333333334,0.20990319704496244,2,0,-1.387772368199557,False,False,0.19710335035449023,False
2010-11-18,27.535866666666664,1.1473277777777775,4.602,0.214,1440,29.788433333333334,3.3477990633983774,-0.07561883639399197,1.1686666666666632,0.2493106861750929,3,0,-0.6728500199710529,False,False,0.19132785140628866,False
2010-11-19,26.17333333333333,1.0905555555555555,4.282,0.218,1440,29.499290476190474,3.456470746709616,-0.112747021679779,-1.3625333333333352,0.2546836888266127,4,0,-0.9622407902694641,False,False,0.18618949514789512,False
2010-11-20,36.61676666666666,1.525698611111111,9.724,0.218,1440,28.86495238095238,3.6213839144041162,0.2685545495938392,10.443433333333335,0.15690030965766258,5,1,2.1405668299572738,False,False,0.08439668521614158,False
2010-11-21,15.015166666666666,0.6256319444444445,3.236,0.21,1440,29.278838095238093,4.359104722660823,-0.4871665802507125,-21.601599999999998,0.19333496429061942,6,1,-3.272156173358643,True,False,3.080859684401194e-05,False
2010-11-22,34.025600000000004,1.4177333333333333,5.938,0.222,1440,26.570547619047613,6.378116123435158,0.28057578969912134,19.01043333333334,0.2387560345795442,0,0,1.1688486438119616,False,False,0.0752530408064902,False
2010-11-23,26.292266666666663,1.095511111111111,4.628,0.216,1440,27.27091428571428,6.948755525401745,-0.035886131605066006,-7.733333333333341,0.23671372323057716,1,0,-0.14083782563224317,False,False,0.18072164330011176,False
2010-11-24,29.93746666666667,1.2473944444444445,5.75,0.218,1440,27.432314285714284,6.90460076314829,0.09132121901421106,3.645200000000006,0.21693816425120774,2,0,0.3628236399015359,False,False,0.18718589780303424,False
2010-11-25,23.852733333333333,0.9938638888888888,5.074,0.214,1440,27.94235238095238,6.944559239563102,-0.14635915372704408,-6.084733333333336,0.19587384487364778,3,0,-0.5888954081233142,False,False,0.19912388999274894,False
2010-11-26,24.80173333333333,1.1782296120348377,4.242,0.214,1263,27.416190476190476,7.117856033237573,-0.09536179525480258,0.9489999999999981,0.2777533267408858,4,0,-0.36730964080316647,False,False,0.1723741435146619,False
